> Task :compileJava
> Task :processResources
> Task :classes
> Task :compileTestJava
> Task :processTestResources
> Task :testClasses
> Task :compileWebSystemTestJava
> Task :processWebSystemTestResources NO-SOURCE
> Task :webSystemTestClasses

> Task :web_system

PersonnelUseCasesWebSystemTest STANDARD_OUT
    19:36:43.537 [Test worker] INFO org.springframework.test.context.support.AnnotationConfigContextLoaderUtils -- Could not detect default configuration classes for test class [ru.msu.cmc.webprak.web_system.PersonnelUseCasesWebSystemTest]: PersonnelUseCasesWebSystemTest does not declare any static, non-private, non-final, nested classes annotated with @Configuration.
    19:36:43.861 [Test worker] INFO org.springframework.boot.test.context.SpringBootTestContextBootstrapper -- Found @SpringBootConfiguration ru.msu.cmc.webprak.WebprakApplication for test class ru.msu.cmc.webprak.web_system.PersonnelUseCasesWebSystemTest

Playwright Host validation warning: 
╔═════════════════════════════════════════════════════════════════════════════════════════════════╗
║ Host system is missing dependencies to run browsers.                                            ║
║ Please install them with the following command:                                                 ║
║                                                                                                 ║
║     mvn exec:java -e -D exec.mainClass=com.microsoft.playwright.CLI -D exec.args="install-deps" ║
║                                                                                                 ║
║ Alternatively, use apt:                                                                         ║
║     apt-get install libxcursor1\                                                                ║
║         libgtk-3-0t64\                                                                          ║
║         libpangocairo-1.0-0\                                                                    ║
║         libcairo-gobject2\                                                                      ║
║         libgdk-pixbuf-2.0-0                                                                     ║
║                                                                                                 ║
║ <3 Playwright Team                                                                              ║
╚═════════════════════════════════════════════════════════════════════════════════════════════════╝
    at validateDependenciesLinux (/tmp/playwright-java-9931808603426728365/package/lib/server/registry/dependencies.js:269:9)
    at process.processTicksAndRejections (node:internal/process/task_queues:105:5)
    at async Registry._validateHostRequirements (/tmp/playwright-java-9931808603426728365/package/lib/server/registry/index.js:927:14)
    at async Registry._validateHostRequirementsForExecutableIfNeeded (/tmp/playwright-java-9931808603426728365/package/lib/server/registry/index.js:1047:7)
    at async Registry.validateHostRequirementsForExecutablesIfNeeded (/tmp/playwright-java-9931808603426728365/package/lib/server/registry/index.js:1036:7)
    at async t.<anonymous> (/tmp/playwright-java-9931808603426728365/package/lib/cli/program.js:160:7)

> Task :web_system

      .   ____          _            __ _ _
     /\\ / ___'_ __ _ _(_)_ __  __ _ \ \ \ \
    ( ( )\___ | '_ | '_| | '_ \/ _` | \ \ \ \
     \\/  ___)| |_)| | | | | || (_| |  ) ) ) )
      '  |____| .__|_| |_|_| |_\__, | / / / /
     =========|_|==============|___/=/_/_/_/

     :: Spring Boot ::                (v4.0.3)

    2026-05-02T19:36:46.742Z  INFO 12909 --- [webprak] [    Test worker] r.m.c.w.w.PersonnelUseCasesWebSystemTest : Starting PersonnelUseCasesWebSystemTest using Java 21.0.10 with PID 12909 (started by root in /workspace)
    2026-05-02T19:36:46.744Z  INFO 12909 --- [webprak] [    Test worker] r.m.c.w.w.PersonnelUseCasesWebSystemTest : No active profile set, falling back to 1 default profile: "default"
    2026-05-02T19:36:47.315Z  INFO 12909 --- [webprak] [    Test worker] .s.d.r.c.RepositoryConfigurationDelegate : Bootstrapping Spring Data JPA repositories in DEFAULT mode.
    2026-05-02T19:36:47.382Z  INFO 12909 --- [webprak] [    Test worker] .s.d.r.c.RepositoryConfigurationDelegate : Finished Spring Data repository scanning in 53 ms. Found 5 JPA repository interfaces.
    2026-05-02T19:36:47.879Z  INFO 12909 --- [webprak] [    Test worker] o.s.boot.tomcat.TomcatWebServer          : Tomcat initialized with port 0 (http)
    2026-05-02T19:36:47.895Z  INFO 12909 --- [webprak] [    Test worker] o.apache.catalina.core.StandardService   : Starting service [Tomcat]
    2026-05-02T19:36:47.895Z  INFO 12909 --- [webprak] [    Test worker] o.apache.catalina.core.StandardEngine    : Starting Servlet engine: [Apache Tomcat/11.0.18]
    2026-05-02T19:36:47.950Z  INFO 12909 --- [webprak] [    Test worker] b.w.c.s.WebApplicationContextInitializer : Root WebApplicationContext: initialization completed in 1183 ms
    2026-05-02T19:36:48.157Z  INFO 12909 --- [webprak] [    Test worker] org.hibernate.orm.jpa                    : HHH008540: Processing PersistenceUnitInfo [name: default]
    2026-05-02T19:36:48.220Z  INFO 12909 --- [webprak] [    Test worker] org.hibernate.orm.core                   : HHH000001: Hibernate ORM core version 7.2.4.Final
    2026-05-02T19:36:48.738Z  INFO 12909 --- [webprak] [    Test worker] o.s.o.j.p.SpringPersistenceUnitInfo      : No LoadTimeWeaver setup: ignoring JPA class transformer
    2026-05-02T19:36:48.784Z  INFO 12909 --- [webprak] [    Test worker] com.zaxxer.hikari.HikariDataSource       : HikariPool-1 - Starting...
    2026-05-02T19:36:48.986Z  INFO 12909 --- [webprak] [    Test worker] com.zaxxer.hikari.pool.HikariPool        : HikariPool-1 - Added connection org.postgresql.jdbc.PgConnection@74973085
    2026-05-02T19:36:48.988Z  INFO 12909 --- [webprak] [    Test worker] com.zaxxer.hikari.HikariDataSource       : HikariPool-1 - Start completed.
    2026-05-02T19:36:49.086Z  INFO 12909 --- [webprak] [    Test worker] org.hibernate.orm.connections.pooling    : HHH10001005: Database info:
    	Database JDBC URL [jdbc:postgresql://postgres:5432/personnel]
    	Database driver: PostgreSQL JDBC Driver
    	Database dialect: PostgreSQLDialect
    	Database version: 15.14
    	Default catalog/schema: personnel/public
    	Autocommit mode: undefined/unknown
    	Isolation level: READ_COMMITTED [default READ_COMMITTED]
    	JDBC fetch size: none
    	Pool: DataSourceConnectionProvider
    	Minimum pool size: undefined/unknown
    	Maximum pool size: undefined/unknown
    2026-05-02T19:36:50.262Z  INFO 12909 --- [webprak] [    Test worker] org.hibernate.orm.core                   : HHH000489: No JTA platform available (set 'hibernate.transaction.jta.platform' to enable JTA platform integration)
    2026-05-02T19:36:50.270Z  INFO 12909 --- [webprak] [    Test worker] j.LocalContainerEntityManagerFactoryBean : Initialized JPA EntityManagerFactory for persistence unit 'default'
    2026-05-02T19:36:50.349Z  INFO 12909 --- [webprak] [    Test worker] o.s.d.j.r.query.QueryEnhancerFactories   : Hibernate is in classpath; If applicable, HQL parser will be used.
    2026-05-02T19:36:51.937Z  INFO 12909 --- [webprak] [    Test worker] o.s.b.w.a.WelcomePageHandlerMapping      : Adding welcome page template: index
    2026-05-02T19:36:52.326Z  INFO 12909 --- [webprak] [    Test worker] o.s.boot.tomcat.TomcatWebServer          : Tomcat started on port 44719 (http) with context path '/'
    2026-05-02T19:36:52.332Z  INFO 12909 --- [webprak] [    Test worker] r.m.c.w.w.PersonnelUseCasesWebSystemTest : Started PersonnelUseCasesWebSystemTest in 5.898 seconds (process running for 11.493)

PersonnelUseCasesWebSystemTest > notFoundPagesShowSeparateMessages() STANDARD_ERROR
    Mockito is currently self-attaching to enable the inline-mock-maker. This will no longer work in future releases of the JDK. Please add Mockito as an agent to your build as described in Mockito's documentation: https://javadoc.io/doc/org.mockito/mockito-core/latest/org.mockito/org/mockito/Mockito.html#0.3
    WARNING: A Java agent has been loaded dynamically (/root/.gradle/caches/modules-2/files-2.1/net.bytebuddy/byte-buddy-agent/1.17.8/f09415827a71be7ed621c7bd02550678f28bc81c/byte-buddy-agent-1.17.8.jar)
    WARNING: If a serviceability tool is in use, please run with -XX:+EnableDynamicAgentLoading to hide this warning
    WARNING: If a serviceability tool is not in use, please run with -Djdk.instrument.traceUsage for more information
    WARNING: Dynamic loading of agents will be disallowed by default in a future release

OpenJDK 64-Bit Server VM warning: Sharing is only supported for boot loader classes because bootstrap classpath has been appended

> Task :web_system

PersonnelUseCasesWebSystemTest > notFoundPagesShowSeparateMessages() STANDARD_OUT
    2026-05-02T19:36:52.855Z  INFO 12909 --- [webprak] [o-auto-1-exec-1] o.a.c.c.C.[Tomcat].[localhost].[/]       : Initializing Spring DispatcherServlet 'dispatcherServlet'
    2026-05-02T19:36:52.856Z  INFO 12909 --- [webprak] [o-auto-1-exec-1] o.s.web.servlet.DispatcherServlet        : Initializing Servlet 'dispatcherServlet'
    2026-05-02T19:36:52.857Z  INFO 12909 --- [webprak] [o-auto-1-exec-1] o.s.web.servlet.DispatcherServlet        : Completed initialization in 1 ms
    Hibernate: 
        select
            e1_0.employee_id,
            e1_0.created_at,
            e1_0.education,
            e1_0.first_name,
            e1_0.hire_date,
            e1_0.home_address,
            e1_0.last_name,
            e1_0.middle_name,
            e1_0.status,
            e1_0.updated_at 
        from
            hr.employees e1_0 
        where
            e1_0.employee_id=?
    Hibernate: 
        select
            d1_0.department_id,
            m1_0.employee_id,
            m1_0.created_at,
            m1_0.education,
            m1_0.first_name,
            m1_0.hire_date,
            m1_0.home_address,
            m1_0.last_name,
            m1_0.middle_name,
            m1_0.status,
            m1_0.updated_at,
            d1_0.name,
            pd1_0.department_id,
            pd1_0.manager_employee_id,
            pd1_0.name,
            pd1_0.parent_department_id 
        from
            hr.departments d1_0 
        left join
            hr.departments pd1_0 
                on pd1_0.department_id=d1_0.parent_department_id 
        left join
            hr.employees m1_0 
                on m1_0.employee_id=d1_0.manager_employee_id 
        where
            d1_0.department_id=?
    Hibernate: 
        select
            p1_0.position_id,
            p1_0.name,
            p1_0.responsibilities 
        from
            hr.positions p1_0 
        where
            p1_0.position_id=?

PersonnelUseCasesWebSystemTest > notFoundPagesShowSeparateMessages() PASSED

PersonnelUseCasesWebSystemTest > assignmentUseCasesHaveSeparateSuccessAndErrorResults() STANDARD_OUT
    Hibernate: 
        select
            e1_0.employee_id,
            e1_0.created_at,
            e1_0.education,
            e1_0.first_name,
            e1_0.hire_date,
            e1_0.home_address,
            e1_0.last_name,
            e1_0.middle_name,
            e1_0.status,
            e1_0.updated_at 
        from
            hr.employees e1_0 
        where
            e1_0.employee_id=?
    Hibernate: 
        select
            d1_0.department_id,
            m1_0.employee_id,
            m1_0.created_at,
            m1_0.education,
            m1_0.first_name,
            m1_0.hire_date,
            m1_0.home_address,
            m1_0.last_name,
            m1_0.middle_name,
            m1_0.status,
            m1_0.updated_at,
            d1_0.name,
            pd1_0.department_id,
            pd1_0.manager_employee_id,
            pd1_0.name,
            pd1_0.parent_department_id 
        from
            hr.departments d1_0 
        left join
            hr.departments pd1_0 
                on pd1_0.department_id=d1_0.parent_department_id 
        left join
            hr.employees m1_0 
                on m1_0.employee_id=d1_0.manager_employee_id 
        order by
            d1_0.department_id
    Hibernate: 
        select
            p1_0.position_id,
            p1_0.name,
            p1_0.responsibilities 
        from
            hr.positions p1_0
    Hibernate: 
        select
            a1_0.assignment_id,
            a1_0.department_id,
            d1_0.department_id,
            d1_0.manager_employee_id,
            d1_0.name,
            d1_0.parent_department_id,
            a1_0.employee_id,
            e1_0.employee_id,
            e1_0.created_at,
            e1_0.education,
            e1_0.first_name,
            e1_0.hire_date,
            e1_0.home_address,
            e1_0.last_name,
            e1_0.middle_name,
            e1_0.status,
            e1_0.updated_at,
            a1_0.end_date,
            a1_0.note,
            a1_0.position_id,
            p1_0.position_id,
            p1_0.name,
            p1_0.responsibilities,
            a1_0.start_date 
        from
            hr.assignments a1_0 
        join
            hr.employees e1_0 
                on e1_0.employee_id=a1_0.employee_id 
        join
            hr.departments d1_0 
                on d1_0.department_id=a1_0.department_id 
        join
            hr.positions p1_0 
                on p1_0.position_id=a1_0.position_id 
        where
            e1_0.employee_id=? 
            and a1_0.end_date is null
    Hibernate: 
        select
            e1_0.employee_id,
            e1_0.created_at,
            e1_0.education,
            e1_0.first_name,
            e1_0.hire_date,
            e1_0.home_address,
            e1_0.last_name,
            e1_0.middle_name,
            e1_0.status,
            e1_0.updated_at 
        from
            hr.employees e1_0 
        where
            e1_0.employee_id=?
    Hibernate: 
        select
            a1_0.assignment_id,
            a1_0.department_id,
            a1_0.employee_id,
            a1_0.end_date,
            a1_0.note,
            a1_0.position_id,
            a1_0.start_date 
        from
            hr.assignments a1_0 
        where
            a1_0.employee_id=? 
            and a1_0.end_date is null
    Hibernate: 
        select
            e1_0.employee_id,
            e1_0.created_at,
            e1_0.education,
            e1_0.first_name,
            e1_0.hire_date,
            e1_0.home_address,
            e1_0.last_name,
            e1_0.middle_name,
            e1_0.status,
            e1_0.updated_at 
        from
            hr.employees e1_0 
        where
            e1_0.employee_id=?
    Hibernate: 
        select
            d1_0.department_id,
            d1_0.manager_employee_id,
            d1_0.name,
            d1_0.parent_department_id 
        from
            hr.departments d1_0 
        where
            d1_0.department_id=?
    Hibernate: 
        select
            p1_0.position_id,
            p1_0.name,
            p1_0.responsibilities 
        from
            hr.positions p1_0 
        where
            p1_0.position_id=?
    Hibernate: 
        select
            dp1_0.dept_pos_id,
            dp1_0.department_id,
            dp1_0.position_id,
            dp1_0.slots_total 
        from
            hr.department_positions dp1_0 
        where
            dp1_0.department_id=? 
            and dp1_0.position_id=?
    Hibernate: 
        select
            a1_0.assignment_id,
            a1_0.department_id,
            a1_0.employee_id,
            a1_0.end_date,
            a1_0.note,
            a1_0.position_id,
            a1_0.start_date 
        from
            hr.assignments a1_0 
        where
            a1_0.employee_id=? 
            and a1_0.end_date is null
    Hibernate: 
        select
            dp1_0.dept_pos_id,
            dp1_0.department_id,
            dp1_0.position_id,
            dp1_0.slots_total 
        from
            hr.department_positions dp1_0 
        where
            dp1_0.department_id=? 
            and dp1_0.position_id=?
    Hibernate: 
        select
            count(a1_0.assignment_id) 
        from
            hr.assignments a1_0 
        where
            a1_0.department_id=? 
            and a1_0.position_id=? 
            and a1_0.end_date is null
    Hibernate: 
        insert 
        into
            hr.assignments
            (department_id, employee_id, end_date, note, position_id, start_date) 
        values
            (?, ?, ?, ?, ?, ?)
    Hibernate: 
        select
            e1_0.employee_id,
            e1_0.created_at,
            e1_0.education,
            e1_0.first_name,
            e1_0.hire_date,
            e1_0.home_address,
            e1_0.last_name,
            e1_0.middle_name,
            e1_0.status,
            e1_0.updated_at 
        from
            hr.employees e1_0 
        where
            e1_0.employee_id=?
    Hibernate: 
        select
            a1_0.assignment_id,
            a1_0.department_id,
            d1_0.department_id,
            d1_0.manager_employee_id,
            d1_0.name,
            d1_0.parent_department_id,
            a1_0.employee_id,
            e1_0.employee_id,
            e1_0.created_at,
            e1_0.education,
            e1_0.first_name,
            e1_0.hire_date,
            e1_0.home_address,
            e1_0.last_name,
            e1_0.middle_name,
            e1_0.status,
            e1_0.updated_at,
            a1_0.end_date,
            a1_0.note,
            a1_0.position_id,
            p1_0.position_id,
            p1_0.name,
            p1_0.responsibilities,
            a1_0.start_date 
        from
            hr.assignments a1_0 
        join
            hr.employees e1_0 
                on e1_0.employee_id=a1_0.employee_id 
        join
            hr.departments d1_0 
                on d1_0.department_id=a1_0.department_id 
        join
            hr.positions p1_0 
                on p1_0.position_id=a1_0.position_id 
        where
            e1_0.employee_id=? 
        order by
            a1_0.start_date desc
    Hibernate: 
        select
            e1_0.employee_id,
            e1_0.created_at,
            e1_0.education,
            e1_0.first_name,
            e1_0.hire_date,
            e1_0.home_address,
            e1_0.last_name,
            e1_0.middle_name,
            e1_0.status,
            e1_0.updated_at 
        from
            hr.employees e1_0 
        where
            e1_0.employee_id=?
    Hibernate: 
        select
            d1_0.department_id,
            m1_0.employee_id,
            m1_0.created_at,
            m1_0.education,
            m1_0.first_name,
            m1_0.hire_date,
            m1_0.home_address,
            m1_0.last_name,
            m1_0.middle_name,
            m1_0.status,
            m1_0.updated_at,
            d1_0.name,
            pd1_0.department_id,
            pd1_0.manager_employee_id,
            pd1_0.name,
            pd1_0.parent_department_id 
        from
            hr.departments d1_0 
        left join
            hr.departments pd1_0 
                on pd1_0.department_id=d1_0.parent_department_id 
        left join
            hr.employees m1_0 
                on m1_0.employee_id=d1_0.manager_employee_id 
        order by
            d1_0.department_id
    Hibernate: 
        select
            p1_0.position_id,
            p1_0.name,
            p1_0.responsibilities 
        from
            hr.positions p1_0
    Hibernate: 
        select
            a1_0.assignment_id,
            a1_0.department_id,
            d1_0.department_id,
            d1_0.manager_employee_id,
            d1_0.name,
            d1_0.parent_department_id,
            a1_0.employee_id,
            e1_0.employee_id,
            e1_0.created_at,
            e1_0.education,
            e1_0.first_name,
            e1_0.hire_date,
            e1_0.home_address,
            e1_0.last_name,
            e1_0.middle_name,
            e1_0.status,
            e1_0.updated_at,
            a1_0.end_date,
            a1_0.note,
            a1_0.position_id,
            p1_0.position_id,
            p1_0.name,
            p1_0.responsibilities,
            a1_0.start_date 
        from
            hr.assignments a1_0 
        join
            hr.employees e1_0 
                on e1_0.employee_id=a1_0.employee_id 
        join
            hr.departments d1_0 
                on d1_0.department_id=a1_0.department_id 
        join
            hr.positions p1_0 
                on p1_0.position_id=a1_0.position_id 
        where
            e1_0.employee_id=? 
            and a1_0.end_date is null
    Hibernate: 
        select
            e1_0.employee_id,
            e1_0.created_at,
            e1_0.education,
            e1_0.first_name,
            e1_0.hire_date,
            e1_0.home_address,
            e1_0.last_name,
            e1_0.middle_name,
            e1_0.status,
            e1_0.updated_at 
        from
            hr.employees e1_0 
        where
            e1_0.employee_id=?
    Hibernate: 
        select
            a1_0.assignment_id,
            a1_0.department_id,
            a1_0.employee_id,
            a1_0.end_date,
            a1_0.note,
            a1_0.position_id,
            a1_0.start_date 
        from
            hr.assignments a1_0 
        where
            a1_0.employee_id=? 
            and a1_0.end_date is null
    Hibernate: 
        select
            a1_0.assignment_id,
            a1_0.department_id,
            a1_0.employee_id,
            a1_0.end_date,
            a1_0.note,
            a1_0.position_id,
            a1_0.start_date 
        from
            hr.assignments a1_0 
        where
            a1_0.employee_id=? 
            and a1_0.end_date is null
    Hibernate: 
        select
            d1_0.department_id,
            d1_0.manager_employee_id,
            d1_0.name,
            d1_0.parent_department_id 
        from
            hr.departments d1_0 
        where
            d1_0.department_id=?
    Hibernate: 
        select
            p1_0.position_id,
            p1_0.name,
            p1_0.responsibilities 
        from
            hr.positions p1_0 
        where
            p1_0.position_id=?
    Hibernate: 
        select
            dp1_0.dept_pos_id,
            dp1_0.department_id,
            dp1_0.position_id,
            dp1_0.slots_total 
        from
            hr.department_positions dp1_0 
        where
            dp1_0.department_id=? 
            and dp1_0.position_id=?
    Hibernate: 
        select
            dp1_0.dept_pos_id,
            dp1_0.department_id,
            dp1_0.position_id,
            dp1_0.slots_total 
        from
            hr.department_positions dp1_0 
        where
            dp1_0.department_id=? 
            and dp1_0.position_id=?
    Hibernate: 
        select
            count(a1_0.assignment_id) 
        from
            hr.assignments a1_0 
        where
            a1_0.department_id=? 
            and a1_0.position_id=? 
            and a1_0.end_date is null
    Hibernate: 
        select
            a1_0.assignment_id,
            a1_0.department_id,
            a1_0.employee_id,
            a1_0.end_date,
            a1_0.note,
            a1_0.position_id,
            a1_0.start_date 
        from
            hr.assignments a1_0 
        where
            a1_0.employee_id=? 
            and a1_0.end_date is null
    Hibernate: 
        select
            e1_0.employee_id,
            e1_0.created_at,
            e1_0.education,
            e1_0.first_name,
            e1_0.hire_date,
            e1_0.home_address,
            e1_0.last_name,
            e1_0.middle_name,
            e1_0.status,
            e1_0.updated_at 
        from
            hr.employees e1_0 
        where
            e1_0.employee_id=?
    Hibernate: 
        select
            dp1_0.dept_pos_id,
            dp1_0.department_id,
            dp1_0.position_id,
            dp1_0.slots_total 
        from
            hr.department_positions dp1_0 
        where
            dp1_0.department_id=? 
            and dp1_0.position_id=?
    Hibernate: 
        update
            hr.assignments 
        set
            department_id=?,
            employee_id=?,
            end_date=?,
            note=?,
            position_id=?,
            start_date=? 
        where
            assignment_id=?
    Hibernate: 
        select
            a1_0.assignment_id,
            a1_0.department_id,
            a1_0.employee_id,
            a1_0.end_date,
            a1_0.note,
            a1_0.position_id,
            a1_0.start_date 
        from
            hr.assignments a1_0 
        where
            a1_0.employee_id=? 
            and a1_0.end_date is null
    Hibernate: 
        select
            dp1_0.dept_pos_id,
            dp1_0.department_id,
            dp1_0.position_id,
            dp1_0.slots_total 
        from
            hr.department_positions dp1_0 
        where
            dp1_0.department_id=? 
            and dp1_0.position_id=?
    Hibernate: 
        select
            count(a1_0.assignment_id) 
        from
            hr.assignments a1_0 
        where
            a1_0.department_id=? 
            and a1_0.position_id=? 
            and a1_0.end_date is null
    Hibernate: 
        insert 
        into
            hr.assignments
            (department_id, employee_id, end_date, note, position_id, start_date) 
        values
            (?, ?, ?, ?, ?, ?)
    Hibernate: 
        select
            e1_0.employee_id,
            e1_0.created_at,
            e1_0.education,
            e1_0.first_name,
            e1_0.hire_date,
            e1_0.home_address,
            e1_0.last_name,
            e1_0.middle_name,
            e1_0.status,
            e1_0.updated_at 
        from
            hr.employees e1_0 
        where
            e1_0.employee_id=?
    Hibernate: 
        select
            a1_0.assignment_id,
            a1_0.department_id,
            d1_0.department_id,
            d1_0.manager_employee_id,
            d1_0.name,
            d1_0.parent_department_id,
            a1_0.employee_id,
            e1_0.employee_id,
            e1_0.created_at,
            e1_0.education,
            e1_0.first_name,
            e1_0.hire_date,
            e1_0.home_address,
            e1_0.last_name,
            e1_0.middle_name,
            e1_0.status,
            e1_0.updated_at,
            a1_0.end_date,
            a1_0.note,
            a1_0.position_id,
            p1_0.position_id,
            p1_0.name,
            p1_0.responsibilities,
            a1_0.start_date 
        from
            hr.assignments a1_0 
        join
            hr.employees e1_0 
                on e1_0.employee_id=a1_0.employee_id 
        join
            hr.departments d1_0 
                on d1_0.department_id=a1_0.department_id 
        join
            hr.positions p1_0 
                on p1_0.position_id=a1_0.position_id 
        where
            e1_0.employee_id=? 
        order by
            a1_0.start_date desc
    Hibernate: 
        select
            e1_0.employee_id,
            e1_0.created_at,
            e1_0.education,
            e1_0.first_name,
            e1_0.hire_date,
            e1_0.home_address,
            e1_0.last_name,
            e1_0.middle_name,
            e1_0.status,
            e1_0.updated_at 
        from
            hr.employees e1_0 
        where
            e1_0.employee_id=?
    Hibernate: 
        select
            d1_0.department_id,
            m1_0.employee_id,
            m1_0.created_at,
            m1_0.education,
            m1_0.first_name,
            m1_0.hire_date,
            m1_0.home_address,
            m1_0.last_name,
            m1_0.middle_name,
            m1_0.status,
            m1_0.updated_at,
            d1_0.name,
            pd1_0.department_id,
            pd1_0.manager_employee_id,
            pd1_0.name,
            pd1_0.parent_department_id 
        from
            hr.departments d1_0 
        left join
            hr.departments pd1_0 
                on pd1_0.department_id=d1_0.parent_department_id 
        left join
            hr.employees m1_0 
                on m1_0.employee_id=d1_0.manager_employee_id 
        order by
            d1_0.department_id
    Hibernate: 
        select
            p1_0.position_id,
            p1_0.name,
            p1_0.responsibilities 
        from
            hr.positions p1_0
    Hibernate: 
        select
            a1_0.assignment_id,
            a1_0.department_id,
            d1_0.department_id,
            d1_0.manager_employee_id,
            d1_0.name,
            d1_0.parent_department_id,
            a1_0.employee_id,
            e1_0.employee_id,
            e1_0.created_at,
            e1_0.education,
            e1_0.first_name,
            e1_0.hire_date,
            e1_0.home_address,
            e1_0.last_name,
            e1_0.middle_name,
            e1_0.status,
            e1_0.updated_at,
            a1_0.end_date,
            a1_0.note,
            a1_0.position_id,
            p1_0.position_id,
            p1_0.name,
            p1_0.responsibilities,
            a1_0.start_date 
        from
            hr.assignments a1_0 
        join
            hr.employees e1_0 
                on e1_0.employee_id=a1_0.employee_id 
        join
            hr.departments d1_0 
                on d1_0.department_id=a1_0.department_id 
        join
            hr.positions p1_0 
                on p1_0.position_id=a1_0.position_id 
        where
            e1_0.employee_id=? 
            and a1_0.end_date is null
    Hibernate: 
        select
            e1_0.employee_id,
            e1_0.created_at,
            e1_0.education,
            e1_0.first_name,
            e1_0.hire_date,
            e1_0.home_address,
            e1_0.last_name,
            e1_0.middle_name,
            e1_0.status,
            e1_0.updated_at 
        from
            hr.employees e1_0 
        where
            e1_0.employee_id=?
    Hibernate: 
        select
            a1_0.assignment_id,
            a1_0.department_id,
            a1_0.employee_id,
            a1_0.end_date,
            a1_0.note,
            a1_0.position_id,
            a1_0.start_date 
        from
            hr.assignments a1_0 
        where
            a1_0.employee_id=? 
            and a1_0.end_date is null
    Hibernate: 
        select
            a1_0.assignment_id,
            a1_0.department_id,
            a1_0.employee_id,
            a1_0.end_date,
            a1_0.note,
            a1_0.position_id,
            a1_0.start_date 
        from
            hr.assignments a1_0 
        where
            a1_0.employee_id=? 
            and a1_0.end_date is null
    Hibernate: 
        select
            d1_0.department_id,
            d1_0.manager_employee_id,
            d1_0.name,
            d1_0.parent_department_id 
        from
            hr.departments d1_0 
        where
            d1_0.department_id=?
    Hibernate: 
        select
            p1_0.position_id,
            p1_0.name,
            p1_0.responsibilities 
        from
            hr.positions p1_0 
        where
            p1_0.position_id=?
    Hibernate: 
        select
            dp1_0.dept_pos_id,
            dp1_0.department_id,
            dp1_0.position_id,
            dp1_0.slots_total 
        from
            hr.department_positions dp1_0 
        where
            dp1_0.department_id=? 
            and dp1_0.position_id=?
    Hibernate: 
        select
            dp1_0.dept_pos_id,
            dp1_0.department_id,
            dp1_0.position_id,
            dp1_0.slots_total 
        from
            hr.department_positions dp1_0 
        where
            dp1_0.department_id=? 
            and dp1_0.position_id=?
    Hibernate: 
        select
            count(a1_0.assignment_id) 
        from
            hr.assignments a1_0 
        where
            a1_0.department_id=? 
            and a1_0.position_id=? 
            and a1_0.end_date is null
    Hibernate: 
        select
            d1_0.department_id,
            m1_0.employee_id,
            m1_0.created_at,
            m1_0.education,
            m1_0.first_name,
            m1_0.hire_date,
            m1_0.home_address,
            m1_0.last_name,
            m1_0.middle_name,
            m1_0.status,
            m1_0.updated_at,
            d1_0.name,
            pd1_0.department_id,
            pd1_0.manager_employee_id,
            pd1_0.name,
            pd1_0.parent_department_id 
        from
            hr.departments d1_0 
        left join
            hr.departments pd1_0 
                on pd1_0.department_id=d1_0.parent_department_id 
        left join
            hr.employees m1_0 
                on m1_0.employee_id=d1_0.manager_employee_id 
        order by
            d1_0.department_id
    Hibernate: 
        select
            p1_0.position_id,
            p1_0.name,
            p1_0.responsibilities 
        from
            hr.positions p1_0
    Hibernate: 
        select
            a1_0.assignment_id,
            a1_0.department_id,
            d1_0.department_id,
            d1_0.manager_employee_id,
            d1_0.name,
            d1_0.parent_department_id,
            a1_0.employee_id,
            e1_0.employee_id,
            e1_0.created_at,
            e1_0.education,
            e1_0.first_name,
            e1_0.hire_date,
            e1_0.home_address,
            e1_0.last_name,
            e1_0.middle_name,
            e1_0.status,
            e1_0.updated_at,
            a1_0.end_date,
            a1_0.note,
            a1_0.position_id,
            p1_0.position_id,
            p1_0.name,
            p1_0.responsibilities,
            a1_0.start_date 
        from
            hr.assignments a1_0 
        join
            hr.employees e1_0 
                on e1_0.employee_id=a1_0.employee_id 
        join
            hr.departments d1_0 
                on d1_0.department_id=a1_0.department_id 
        join
            hr.positions p1_0 
                on p1_0.position_id=a1_0.position_id 
        where
            e1_0.employee_id=? 
            and a1_0.end_date is null
    Hibernate: 
        select
            e1_0.employee_id,
            e1_0.created_at,
            e1_0.education,
            e1_0.first_name,
            e1_0.hire_date,
            e1_0.home_address,
            e1_0.last_name,
            e1_0.middle_name,
            e1_0.status,
            e1_0.updated_at 
        from
            hr.employees e1_0 
        where
            e1_0.employee_id=?
    Hibernate: 
        select
            d1_0.department_id,
            m1_0.employee_id,
            m1_0.created_at,
            m1_0.education,
            m1_0.first_name,
            m1_0.hire_date,
            m1_0.home_address,
            m1_0.last_name,
            m1_0.middle_name,
            m1_0.status,
            m1_0.updated_at,
            d1_0.name,
            pd1_0.department_id,
            pd1_0.manager_employee_id,
            pd1_0.name,
            pd1_0.parent_department_id 
        from
            hr.departments d1_0 
        left join
            hr.departments pd1_0 
                on pd1_0.department_id=d1_0.parent_department_id 
        left join
            hr.employees m1_0 
                on m1_0.employee_id=d1_0.manager_employee_id 
        order by
            d1_0.department_id
    Hibernate: 
        select
            p1_0.position_id,
            p1_0.name,
            p1_0.responsibilities 
        from
            hr.positions p1_0
    Hibernate: 
        select
            a1_0.assignment_id,
            a1_0.department_id,
            d1_0.department_id,
            d1_0.manager_employee_id,
            d1_0.name,
            d1_0.parent_department_id,
            a1_0.employee_id,
            e1_0.employee_id,
            e1_0.created_at,
            e1_0.education,
            e1_0.first_name,
            e1_0.hire_date,
            e1_0.home_address,
            e1_0.last_name,
            e1_0.middle_name,
            e1_0.status,
            e1_0.updated_at,
            a1_0.end_date,
            a1_0.note,
            a1_0.position_id,
            p1_0.position_id,
            p1_0.name,
            p1_0.responsibilities,
            a1_0.start_date 
        from
            hr.assignments a1_0 
        join
            hr.employees e1_0 
                on e1_0.employee_id=a1_0.employee_id 
        join
            hr.departments d1_0 
                on d1_0.department_id=a1_0.department_id 
        join
            hr.positions p1_0 
                on p1_0.position_id=a1_0.position_id 
        where
            e1_0.employee_id=? 
            and a1_0.end_date is null
    Hibernate: 
        select
            e1_0.employee_id,
            e1_0.created_at,
            e1_0.education,
            e1_0.first_name,
            e1_0.hire_date,
            e1_0.home_address,
            e1_0.last_name,
            e1_0.middle_name,
            e1_0.status,
            e1_0.updated_at 
        from
            hr.employees e1_0 
        where
            e1_0.employee_id=?
    Hibernate: 
        select
            a1_0.assignment_id,
            a1_0.department_id,
            a1_0.employee_id,
            a1_0.end_date,
            a1_0.note,
            a1_0.position_id,
            a1_0.start_date 
        from
            hr.assignments a1_0 
        where
            a1_0.employee_id=? 
            and a1_0.end_date is null
    Hibernate: 
        select
            a1_0.assignment_id,
            a1_0.department_id,
            a1_0.employee_id,
            a1_0.end_date,
            a1_0.note,
            a1_0.position_id,
            a1_0.start_date 
        from
            hr.assignments a1_0 
        where
            a1_0.employee_id=? 
            and a1_0.end_date is null
    Hibernate: 
        select
            d1_0.department_id,
            d1_0.manager_employee_id,
            d1_0.name,
            d1_0.parent_department_id 
        from
            hr.departments d1_0 
        where
            d1_0.department_id=?
    Hibernate: 
        select
            p1_0.position_id,
            p1_0.name,
            p1_0.responsibilities 
        from
            hr.positions p1_0 
        where
            p1_0.position_id=?
    Hibernate: 
        select
            dp1_0.dept_pos_id,
            dp1_0.department_id,
            dp1_0.position_id,
            dp1_0.slots_total 
        from
            hr.department_positions dp1_0 
        where
            dp1_0.department_id=? 
            and dp1_0.position_id=?
    Hibernate: 
        select
            d1_0.department_id,
            m1_0.employee_id,
            m1_0.created_at,
            m1_0.education,
            m1_0.first_name,
            m1_0.hire_date,
            m1_0.home_address,
            m1_0.last_name,
            m1_0.middle_name,
            m1_0.status,
            m1_0.updated_at,
            d1_0.name,
            pd1_0.department_id,
            pd1_0.manager_employee_id,
            pd1_0.name,
            pd1_0.parent_department_id 
        from
            hr.departments d1_0 
        left join
            hr.departments pd1_0 
                on pd1_0.department_id=d1_0.parent_department_id 
        left join
            hr.employees m1_0 
                on m1_0.employee_id=d1_0.manager_employee_id 
        order by
            d1_0.department_id
    Hibernate: 
        select
            p1_0.position_id,
            p1_0.name,
            p1_0.responsibilities 
        from
            hr.positions p1_0
    Hibernate: 
        select
            a1_0.assignment_id,
            a1_0.department_id,
            d1_0.department_id,
            d1_0.manager_employee_id,
            d1_0.name,
            d1_0.parent_department_id,
            a1_0.employee_id,
            e1_0.employee_id,
            e1_0.created_at,
            e1_0.education,
            e1_0.first_name,
            e1_0.hire_date,
            e1_0.home_address,
            e1_0.last_name,
            e1_0.middle_name,
            e1_0.status,
            e1_0.updated_at,
            a1_0.end_date,
            a1_0.note,
            a1_0.position_id,
            p1_0.position_id,
            p1_0.name,
            p1_0.responsibilities,
            a1_0.start_date 
        from
            hr.assignments a1_0 
        join
            hr.employees e1_0 
                on e1_0.employee_id=a1_0.employee_id 
        join
            hr.departments d1_0 
                on d1_0.department_id=a1_0.department_id 
        join
            hr.positions p1_0 
                on p1_0.position_id=a1_0.position_id 
        where
            e1_0.employee_id=? 
            and a1_0.end_date is null

PersonnelUseCasesWebSystemTest > assignmentUseCasesHaveSeparateSuccessAndErrorResults() PASSED

PersonnelUseCasesWebSystemTest > userCanCreatePositionAddItToDepartmentAndAssignEmployee() STANDARD_OUT
    Hibernate: 
        select
            e1_0.employee_id,
            e1_0.created_at,
            e1_0.education,
            e1_0.first_name,
            e1_0.hire_date,
            e1_0.home_address,
            e1_0.last_name,
            e1_0.middle_name,
            e1_0.status,
            e1_0.updated_at 
        from
            hr.employees e1_0
    Hibernate: 
        select
            d1_0.department_id,
            m1_0.employee_id,
            m1_0.created_at,
            m1_0.education,
            m1_0.first_name,
            m1_0.hire_date,
            m1_0.home_address,
            m1_0.last_name,
            m1_0.middle_name,
            m1_0.status,
            m1_0.updated_at,
            d1_0.name,
            pd1_0.department_id,
            pd1_0.manager_employee_id,
            pd1_0.name,
            pd1_0.parent_department_id 
        from
            hr.departments d1_0 
        left join
            hr.departments pd1_0 
                on pd1_0.department_id=d1_0.parent_department_id 
        left join
            hr.employees m1_0 
                on m1_0.employee_id=d1_0.manager_employee_id 
        order by
            d1_0.department_id
    Hibernate: 
        select
            p1_0.position_id,
            p1_0.name,
            p1_0.responsibilities 
        from
            hr.positions p1_0
    Hibernate: 
        insert 
        into
            hr.positions
            (name, responsibilities) 
        values
            (?, ?)
    Hibernate: 
        select
            p1_0.position_id,
            p1_0.name,
            p1_0.responsibilities 
        from
            hr.positions p1_0 
        where
            p1_0.position_id=?
    Hibernate: 
        select
            dp1_0.dept_pos_id,
            dp1_0.department_id,
            d1_0.department_id,
            d1_0.manager_employee_id,
            d1_0.name,
            d1_0.parent_department_id,
            dp1_0.position_id,
            p1_0.position_id,
            p1_0.name,
            p1_0.responsibilities,
            dp1_0.slots_total 
        from
            hr.department_positions dp1_0 
        join
            hr.departments d1_0 
                on d1_0.department_id=dp1_0.department_id 
        join
            hr.positions p1_0 
                on p1_0.position_id=dp1_0.position_id 
        where
            p1_0.position_id=?
    Hibernate: 
        select
            count(a1_0.assignment_id) 
        from
            hr.assignments a1_0 
        where
            a1_0.position_id=? 
            and a1_0.end_date is null
    Hibernate: 
        select
            d1_0.department_id,
            m1_0.employee_id,
            m1_0.created_at,
            m1_0.education,
            m1_0.first_name,
            m1_0.hire_date,
            m1_0.home_address,
            m1_0.last_name,
            m1_0.middle_name,
            m1_0.status,
            m1_0.updated_at,
            d1_0.name,
            pd1_0.department_id,
            pd1_0.manager_employee_id,
            pd1_0.name,
            pd1_0.parent_department_id 
        from
            hr.departments d1_0 
        left join
            hr.departments pd1_0 
                on pd1_0.department_id=d1_0.parent_department_id 
        left join
            hr.employees m1_0 
                on m1_0.employee_id=d1_0.manager_employee_id 
        where
            d1_0.department_id=?
    Hibernate: 
        select
            d1_0.department_id,
            d1_0.manager_employee_id,
            d1_0.name,
            d1_0.parent_department_id 
        from
            hr.departments d1_0 
        where
            d1_0.parent_department_id=?
    Hibernate: 
        select
            dp1_0.dept_pos_id,
            dp1_0.department_id,
            d1_0.department_id,
            d1_0.manager_employee_id,
            d1_0.name,
            d1_0.parent_department_id,
            dp1_0.position_id,
            p1_0.position_id,
            p1_0.name,
            p1_0.responsibilities,
            dp1_0.slots_total 
        from
            hr.department_positions dp1_0 
        join
            hr.departments d1_0 
                on d1_0.department_id=dp1_0.department_id 
        join
            hr.positions p1_0 
                on p1_0.position_id=dp1_0.position_id 
        where
            d1_0.department_id=?
    Hibernate: 
        select
            a1_0.assignment_id,
            a1_0.department_id,
            a1_0.employee_id,
            e1_0.employee_id,
            e1_0.created_at,
            e1_0.education,
            e1_0.first_name,
            e1_0.hire_date,
            e1_0.home_address,
            e1_0.last_name,
            e1_0.middle_name,
            e1_0.status,
            e1_0.updated_at,
            a1_0.end_date,
            a1_0.note,
            a1_0.position_id,
            a1_0.start_date 
        from
            hr.assignments a1_0 
        join
            hr.employees e1_0 
                on e1_0.employee_id=a1_0.employee_id 
        where
            a1_0.position_id=? 
            and a1_0.end_date is null
    Hibernate: 
        select
            a1_0.assignment_id,
            a1_0.department_id,
            d1_0.department_id,
            d1_0.manager_employee_id,
            d1_0.name,
            d1_0.parent_department_id,
            a1_0.employee_id,
            e1_0.employee_id,
            e1_0.created_at,
            e1_0.education,
            e1_0.first_name,
            e1_0.hire_date,
            e1_0.home_address,
            e1_0.last_name,
            e1_0.middle_name,
            e1_0.status,
            e1_0.updated_at,
            a1_0.end_date,
            a1_0.note,
            a1_0.position_id,
            p1_0.position_id,
            p1_0.name,
            p1_0.responsibilities,
            a1_0.start_date 
        from
            hr.assignments a1_0 
        join
            hr.employees e1_0 
                on e1_0.employee_id=a1_0.employee_id 
        join
            hr.departments d1_0 
                on d1_0.department_id=a1_0.department_id 
        join
            hr.positions p1_0 
                on p1_0.position_id=a1_0.position_id 
        where
            e1_0.employee_id=? 
            and a1_0.end_date is null
    Hibernate: 
        select
            a1_0.assignment_id,
            a1_0.department_id,
            a1_0.employee_id,
            e1_0.employee_id,
            e1_0.created_at,
            e1_0.education,
            e1_0.first_name,
            e1_0.hire_date,
            e1_0.home_address,
            e1_0.last_name,
            e1_0.middle_name,
            e1_0.status,
            e1_0.updated_at,
            a1_0.end_date,
            a1_0.note,
            a1_0.position_id,
            a1_0.start_date 
        from
            hr.assignments a1_0 
        join
            hr.employees e1_0 
                on e1_0.employee_id=a1_0.employee_id 
        where
            a1_0.position_id=? 
            and a1_0.end_date is null
    Hibernate: 
        select
            a1_0.assignment_id,
            a1_0.department_id,
            d1_0.department_id,
            d1_0.manager_employee_id,
            d1_0.name,
            d1_0.parent_department_id,
            a1_0.employee_id,
            e1_0.employee_id,
            e1_0.created_at,
            e1_0.education,
            e1_0.first_name,
            e1_0.hire_date,
            e1_0.home_address,
            e1_0.last_name,
            e1_0.middle_name,
            e1_0.status,
            e1_0.updated_at,
            a1_0.end_date,
            a1_0.note,
            a1_0.position_id,
            p1_0.position_id,
            p1_0.name,
            p1_0.responsibilities,
            a1_0.start_date 
        from
            hr.assignments a1_0 
        join
            hr.employees e1_0 
                on e1_0.employee_id=a1_0.employee_id 
        join
            hr.departments d1_0 
                on d1_0.department_id=a1_0.department_id 
        join
            hr.positions p1_0 
                on p1_0.position_id=a1_0.position_id 
        where
            e1_0.employee_id=? 
            and a1_0.end_date is null
    Hibernate: 
        select
            p1_0.position_id,
            p1_0.name,
            p1_0.responsibilities 
        from
            hr.positions p1_0
    Hibernate: 
        select
            a1_0.assignment_id,
            a1_0.department_id,
            a1_0.employee_id,
            e1_0.employee_id,
            e1_0.created_at,
            e1_0.education,
            e1_0.first_name,
            e1_0.hire_date,
            e1_0.home_address,
            e1_0.last_name,
            e1_0.middle_name,
            e1_0.status,
            e1_0.updated_at,
            a1_0.end_date,
            a1_0.note,
            a1_0.position_id,
            a1_0.start_date 
        from
            hr.assignments a1_0 
        join
            hr.employees e1_0 
                on e1_0.employee_id=a1_0.employee_id 
        where
            a1_0.department_id=? 
            and a1_0.end_date is null
    Hibernate: 
        select
            dp1_0.dept_pos_id,
            dp1_0.department_id,
            dp1_0.position_id,
            dp1_0.slots_total 
        from
            hr.department_positions dp1_0 
        where
            dp1_0.department_id=? 
            and dp1_0.position_id=?
    Hibernate: 
        select
            d1_0.department_id,
            d1_0.manager_employee_id,
            d1_0.name,
            d1_0.parent_department_id 
        from
            hr.departments d1_0 
        where
            d1_0.department_id=?
    Hibernate: 
        select
            p1_0.position_id,
            p1_0.name,
            p1_0.responsibilities 
        from
            hr.positions p1_0 
        where
            p1_0.position_id=?
    Hibernate: 
        insert 
        into
            hr.department_positions
            (department_id, position_id, slots_total) 
        values
            (?, ?, ?)
    Hibernate: 
        select
            d1_0.department_id,
            m1_0.employee_id,
            m1_0.created_at,
            m1_0.education,
            m1_0.first_name,
            m1_0.hire_date,
            m1_0.home_address,
            m1_0.last_name,
            m1_0.middle_name,
            m1_0.status,
            m1_0.updated_at,
            d1_0.name,
            pd1_0.department_id,
            pd1_0.manager_employee_id,
            pd1_0.name,
            pd1_0.parent_department_id 
        from
            hr.departments d1_0 
        left join
            hr.departments pd1_0 
                on pd1_0.department_id=d1_0.parent_department_id 
        left join
            hr.employees m1_0 
                on m1_0.employee_id=d1_0.manager_employee_id 
        where
            d1_0.department_id=?
    Hibernate: 
        select
            d1_0.department_id,
            d1_0.manager_employee_id,
            d1_0.name,
            d1_0.parent_department_id 
        from
            hr.departments d1_0 
        where
            d1_0.parent_department_id=?
    Hibernate: 
        select
            dp1_0.dept_pos_id,
            dp1_0.department_id,
            d1_0.department_id,
            d1_0.manager_employee_id,
            d1_0.name,
            d1_0.parent_department_id,
            dp1_0.position_id,
            p1_0.position_id,
            p1_0.name,
            p1_0.responsibilities,
            dp1_0.slots_total 
        from
            hr.department_positions dp1_0 
        join
            hr.departments d1_0 
                on d1_0.department_id=dp1_0.department_id 
        join
            hr.positions p1_0 
                on p1_0.position_id=dp1_0.position_id 
        where
            d1_0.department_id=?
    Hibernate: 
        select
            a1_0.assignment_id,
            a1_0.department_id,
            a1_0.employee_id,
            e1_0.employee_id,
            e1_0.created_at,
            e1_0.education,
            e1_0.first_name,
            e1_0.hire_date,
            e1_0.home_address,
            e1_0.last_name,
            e1_0.middle_name,
            e1_0.status,
            e1_0.updated_at,
            a1_0.end_date,
            a1_0.note,
            a1_0.position_id,
            a1_0.start_date 
        from
            hr.assignments a1_0 
        join
            hr.employees e1_0 
                on e1_0.employee_id=a1_0.employee_id 
        where
            a1_0.position_id=? 
            and a1_0.end_date is null
    Hibernate: 
        select
            a1_0.assignment_id,
            a1_0.department_id,
            d1_0.department_id,
            d1_0.manager_employee_id,
            d1_0.name,
            d1_0.parent_department_id,
            a1_0.employee_id,
            e1_0.employee_id,
            e1_0.created_at,
            e1_0.education,
            e1_0.first_name,
            e1_0.hire_date,
            e1_0.home_address,
            e1_0.last_name,
            e1_0.middle_name,
            e1_0.status,
            e1_0.updated_at,
            a1_0.end_date,
            a1_0.note,
            a1_0.position_id,
            p1_0.position_id,
            p1_0.name,
            p1_0.responsibilities,
            a1_0.start_date 
        from
            hr.assignments a1_0 
        join
            hr.employees e1_0 
                on e1_0.employee_id=a1_0.employee_id 
        join
            hr.departments d1_0 
                on d1_0.department_id=a1_0.department_id 
        join
            hr.positions p1_0 
                on p1_0.position_id=a1_0.position_id 
        where
            e1_0.employee_id=? 
            and a1_0.end_date is null
    Hibernate: 
        select
            a1_0.assignment_id,
            a1_0.department_id,
            a1_0.employee_id,
            e1_0.employee_id,
            e1_0.created_at,
            e1_0.education,
            e1_0.first_name,
            e1_0.hire_date,
            e1_0.home_address,
            e1_0.last_name,
            e1_0.middle_name,
            e1_0.status,
            e1_0.updated_at,
            a1_0.end_date,
            a1_0.note,
            a1_0.position_id,
            a1_0.start_date 
        from
            hr.assignments a1_0 
        join
            hr.employees e1_0 
                on e1_0.employee_id=a1_0.employee_id 
        where
            a1_0.position_id=? 
            and a1_0.end_date is null
    Hibernate: 
        select
            a1_0.assignment_id,
            a1_0.department_id,
            d1_0.department_id,
            d1_0.manager_employee_id,
            d1_0.name,
            d1_0.parent_department_id,
            a1_0.employee_id,
            e1_0.employee_id,
            e1_0.created_at,
            e1_0.education,
            e1_0.first_name,
            e1_0.hire_date,
            e1_0.home_address,
            e1_0.last_name,
            e1_0.middle_name,
            e1_0.status,
            e1_0.updated_at,
            a1_0.end_date,
            a1_0.note,
            a1_0.position_id,
            p1_0.position_id,
            p1_0.name,
            p1_0.responsibilities,
            a1_0.start_date 
        from
            hr.assignments a1_0 
        join
            hr.employees e1_0 
                on e1_0.employee_id=a1_0.employee_id 
        join
            hr.departments d1_0 
                on d1_0.department_id=a1_0.department_id 
        join
            hr.positions p1_0 
                on p1_0.position_id=a1_0.position_id 
        where
            e1_0.employee_id=? 
            and a1_0.end_date is null
    Hibernate: 
        select
            a1_0.assignment_id,
            a1_0.department_id,
            a1_0.employee_id,
            e1_0.employee_id,
            e1_0.created_at,
            e1_0.education,
            e1_0.first_name,
            e1_0.hire_date,
            e1_0.home_address,
            e1_0.last_name,
            e1_0.middle_name,
            e1_0.status,
            e1_0.updated_at,
            a1_0.end_date,
            a1_0.note,
            a1_0.position_id,
            a1_0.start_date 
        from
            hr.assignments a1_0 
        join
            hr.employees e1_0 
                on e1_0.employee_id=a1_0.employee_id 
        where
            a1_0.position_id=? 
            and a1_0.end_date is null
    Hibernate: 
        select
            p1_0.position_id,
            p1_0.name,
            p1_0.responsibilities 
        from
            hr.positions p1_0
    Hibernate: 
        select
            a1_0.assignment_id,
            a1_0.department_id,
            a1_0.employee_id,
            e1_0.employee_id,
            e1_0.created_at,
            e1_0.education,
            e1_0.first_name,
            e1_0.hire_date,
            e1_0.home_address,
            e1_0.last_name,
            e1_0.middle_name,
            e1_0.status,
            e1_0.updated_at,
            a1_0.end_date,
            a1_0.note,
            a1_0.position_id,
            a1_0.start_date 
        from
            hr.assignments a1_0 
        join
            hr.employees e1_0 
                on e1_0.employee_id=a1_0.employee_id 
        where
            a1_0.department_id=? 
            and a1_0.end_date is null
    Hibernate: 
        select
            e1_0.employee_id,
            e1_0.created_at,
            e1_0.education,
            e1_0.first_name,
            e1_0.hire_date,
            e1_0.home_address,
            e1_0.last_name,
            e1_0.middle_name,
            e1_0.status,
            e1_0.updated_at 
        from
            hr.employees e1_0 
        where
            e1_0.employee_id=?
    Hibernate: 
        select
            d1_0.department_id,
            m1_0.employee_id,
            m1_0.created_at,
            m1_0.education,
            m1_0.first_name,
            m1_0.hire_date,
            m1_0.home_address,
            m1_0.last_name,
            m1_0.middle_name,
            m1_0.status,
            m1_0.updated_at,
            d1_0.name,
            pd1_0.department_id,
            pd1_0.manager_employee_id,
            pd1_0.name,
            pd1_0.parent_department_id 
        from
            hr.departments d1_0 
        left join
            hr.departments pd1_0 
                on pd1_0.department_id=d1_0.parent_department_id 
        left join
            hr.employees m1_0 
                on m1_0.employee_id=d1_0.manager_employee_id 
        order by
            d1_0.department_id
    Hibernate: 
        select
            p1_0.position_id,
            p1_0.name,
            p1_0.responsibilities 
        from
            hr.positions p1_0
    Hibernate: 
        select
            a1_0.assignment_id,
            a1_0.department_id,
            d1_0.department_id,
            d1_0.manager_employee_id,
            d1_0.name,
            d1_0.parent_department_id,
            a1_0.employee_id,
            e1_0.employee_id,
            e1_0.created_at,
            e1_0.education,
            e1_0.first_name,
            e1_0.hire_date,
            e1_0.home_address,
            e1_0.last_name,
            e1_0.middle_name,
            e1_0.status,
            e1_0.updated_at,
            a1_0.end_date,
            a1_0.note,
            a1_0.position_id,
            p1_0.position_id,
            p1_0.name,
            p1_0.responsibilities,
            a1_0.start_date 
        from
            hr.assignments a1_0 
        join
            hr.employees e1_0 
                on e1_0.employee_id=a1_0.employee_id 
        join
            hr.departments d1_0 
                on d1_0.department_id=a1_0.department_id 
        join
            hr.positions p1_0 
                on p1_0.position_id=a1_0.position_id 
        where
            e1_0.employee_id=? 
            and a1_0.end_date is null
    Hibernate: 
        select
            e1_0.employee_id,
            e1_0.created_at,
            e1_0.education,
            e1_0.first_name,
            e1_0.hire_date,
            e1_0.home_address,
            e1_0.last_name,
            e1_0.middle_name,
            e1_0.status,
            e1_0.updated_at 
        from
            hr.employees e1_0 
        where
            e1_0.employee_id=?
    Hibernate: 
        select
            a1_0.assignment_id,
            a1_0.department_id,
            a1_0.employee_id,
            a1_0.end_date,
            a1_0.note,
            a1_0.position_id,
            a1_0.start_date 
        from
            hr.assignments a1_0 
        where
            a1_0.employee_id=? 
            and a1_0.end_date is null
    Hibernate: 
        select
            e1_0.employee_id,
            e1_0.created_at,
            e1_0.education,
            e1_0.first_name,
            e1_0.hire_date,
            e1_0.home_address,
            e1_0.last_name,
            e1_0.middle_name,
            e1_0.status,
            e1_0.updated_at 
        from
            hr.employees e1_0 
        where
            e1_0.employee_id=?
    Hibernate: 
        select
            d1_0.department_id,
            d1_0.manager_employee_id,
            d1_0.name,
            d1_0.parent_department_id 
        from
            hr.departments d1_0 
        where
            d1_0.department_id=?
    Hibernate: 
        select
            p1_0.position_id,
            p1_0.name,
            p1_0.responsibilities 
        from
            hr.positions p1_0 
        where
            p1_0.position_id=?
    Hibernate: 
        select
            dp1_0.dept_pos_id,
            dp1_0.department_id,
            dp1_0.position_id,
            dp1_0.slots_total 
        from
            hr.department_positions dp1_0 
        where
            dp1_0.department_id=? 
            and dp1_0.position_id=?
    Hibernate: 
        select
            a1_0.assignment_id,
            a1_0.department_id,
            a1_0.employee_id,
            a1_0.end_date,
            a1_0.note,
            a1_0.position_id,
            a1_0.start_date 
        from
            hr.assignments a1_0 
        where
            a1_0.employee_id=? 
            and a1_0.end_date is null
    Hibernate: 
        select
            dp1_0.dept_pos_id,
            dp1_0.department_id,
            dp1_0.position_id,
            dp1_0.slots_total 
        from
            hr.department_positions dp1_0 
        where
            dp1_0.department_id=? 
            and dp1_0.position_id=?
    Hibernate: 
        select
            count(a1_0.assignment_id) 
        from
            hr.assignments a1_0 
        where
            a1_0.department_id=? 
            and a1_0.position_id=? 
            and a1_0.end_date is null
    Hibernate: 
        insert 
        into
            hr.assignments
            (department_id, employee_id, end_date, note, position_id, start_date) 
        values
            (?, ?, ?, ?, ?, ?)
    Hibernate: 
        select
            e1_0.employee_id,
            e1_0.created_at,
            e1_0.education,
            e1_0.first_name,
            e1_0.hire_date,
            e1_0.home_address,
            e1_0.last_name,
            e1_0.middle_name,
            e1_0.status,
            e1_0.updated_at 
        from
            hr.employees e1_0 
        where
            e1_0.employee_id=?
    Hibernate: 
        select
            a1_0.assignment_id,
            a1_0.department_id,
            d1_0.department_id,
            d1_0.manager_employee_id,
            d1_0.name,
            d1_0.parent_department_id,
            a1_0.employee_id,
            e1_0.employee_id,
            e1_0.created_at,
            e1_0.education,
            e1_0.first_name,
            e1_0.hire_date,
            e1_0.home_address,
            e1_0.last_name,
            e1_0.middle_name,
            e1_0.status,
            e1_0.updated_at,
            a1_0.end_date,
            a1_0.note,
            a1_0.position_id,
            p1_0.position_id,
            p1_0.name,
            p1_0.responsibilities,
            a1_0.start_date 
        from
            hr.assignments a1_0 
        join
            hr.employees e1_0 
                on e1_0.employee_id=a1_0.employee_id 
        join
            hr.departments d1_0 
                on d1_0.department_id=a1_0.department_id 
        join
            hr.positions p1_0 
                on p1_0.position_id=a1_0.position_id 
        where
            e1_0.employee_id=? 
        order by
            a1_0.start_date desc

PersonnelUseCasesWebSystemTest > userCanCreatePositionAddItToDepartmentAndAssignEmployee() PASSED

PersonnelUseCasesWebSystemTest > departmentUseCasesHaveSeparateSuccessAndErrorResults() STANDARD_OUT
    Hibernate: 
        select
            d1_0.department_id,
            m1_0.employee_id,
            m1_0.created_at,
            m1_0.education,
            m1_0.first_name,
            m1_0.hire_date,
            m1_0.home_address,
            m1_0.last_name,
            m1_0.middle_name,
            m1_0.status,
            m1_0.updated_at,
            d1_0.name,
            pd1_0.department_id,
            pd1_0.manager_employee_id,
            pd1_0.name,
            pd1_0.parent_department_id 
        from
            hr.departments d1_0 
        left join
            hr.departments pd1_0 
                on pd1_0.department_id=d1_0.parent_department_id 
        left join
            hr.employees m1_0 
                on m1_0.employee_id=d1_0.manager_employee_id 
        order by
            d1_0.department_id
    Hibernate: 
        select
            e1_0.employee_id,
            e1_0.created_at,
            e1_0.education,
            e1_0.first_name,
            e1_0.hire_date,
            e1_0.home_address,
            e1_0.last_name,
            e1_0.middle_name,
            e1_0.status,
            e1_0.updated_at 
        from
            hr.employees e1_0
    Hibernate: 
        select
            d1_0.department_id,
            m1_0.employee_id,
            m1_0.created_at,
            m1_0.education,
            m1_0.first_name,
            m1_0.hire_date,
            m1_0.home_address,
            m1_0.last_name,
            m1_0.middle_name,
            m1_0.status,
            m1_0.updated_at,
            d1_0.name,
            pd1_0.department_id,
            pd1_0.manager_employee_id,
            pd1_0.name,
            pd1_0.parent_department_id 
        from
            hr.departments d1_0 
        left join
            hr.departments pd1_0 
                on pd1_0.department_id=d1_0.parent_department_id 
        left join
            hr.employees m1_0 
                on m1_0.employee_id=d1_0.manager_employee_id 
        order by
            d1_0.department_id
    Hibernate: 
        select
            e1_0.employee_id,
            e1_0.created_at,
            e1_0.education,
            e1_0.first_name,
            e1_0.hire_date,
            e1_0.home_address,
            e1_0.last_name,
            e1_0.middle_name,
            e1_0.status,
            e1_0.updated_at 
        from
            hr.employees e1_0
    Hibernate: 
        select
            d1_0.department_id,
            m1_0.employee_id,
            m1_0.created_at,
            m1_0.education,
            m1_0.first_name,
            m1_0.hire_date,
            m1_0.home_address,
            m1_0.last_name,
            m1_0.middle_name,
            m1_0.status,
            m1_0.updated_at,
            d1_0.name,
            pd1_0.department_id,
            pd1_0.manager_employee_id,
            pd1_0.name,
            pd1_0.parent_department_id 
        from
            hr.departments d1_0 
        left join
            hr.departments pd1_0 
                on pd1_0.department_id=d1_0.parent_department_id 
        left join
            hr.employees m1_0 
                on m1_0.employee_id=d1_0.manager_employee_id 
        order by
            d1_0.department_id
    Hibernate: 
        select
            e1_0.employee_id,
            e1_0.created_at,
            e1_0.education,
            e1_0.first_name,
            e1_0.hire_date,
            e1_0.home_address,
            e1_0.last_name,
            e1_0.middle_name,
            e1_0.status,
            e1_0.updated_at 
        from
            hr.employees e1_0
    Hibernate: 
        select
            d1_0.department_id,
            d1_0.manager_employee_id,
            d1_0.name,
            d1_0.parent_department_id 
        from
            hr.departments d1_0 
        where
            d1_0.department_id=?
    Hibernate: 
        select
            e1_0.employee_id,
            e1_0.created_at,
            e1_0.education,
            e1_0.first_name,
            e1_0.hire_date,
            e1_0.home_address,
            e1_0.last_name,
            e1_0.middle_name,
            e1_0.status,
            e1_0.updated_at 
        from
            hr.employees e1_0 
        where
            e1_0.employee_id=?
    Hibernate: 
        insert 
        into
            hr.departments
            (manager_employee_id, name, parent_department_id) 
        values
            (?, ?, ?)
    Hibernate: 
        select
            d1_0.department_id,
            m1_0.employee_id,
            m1_0.created_at,
            m1_0.education,
            m1_0.first_name,
            m1_0.hire_date,
            m1_0.home_address,
            m1_0.last_name,
            m1_0.middle_name,
            m1_0.status,
            m1_0.updated_at,
            d1_0.name,
            pd1_0.department_id,
            pd1_0.manager_employee_id,
            pd1_0.name,
            pd1_0.parent_department_id 
        from
            hr.departments d1_0 
        left join
            hr.departments pd1_0 
                on pd1_0.department_id=d1_0.parent_department_id 
        left join
            hr.employees m1_0 
                on m1_0.employee_id=d1_0.manager_employee_id 
        where
            d1_0.department_id=?
    Hibernate: 
        select
            d1_0.department_id,
            d1_0.manager_employee_id,
            d1_0.name,
            d1_0.parent_department_id 
        from
            hr.departments d1_0 
        where
            d1_0.parent_department_id=?
    Hibernate: 
        select
            dp1_0.dept_pos_id,
            dp1_0.department_id,
            d1_0.department_id,
            d1_0.manager_employee_id,
            d1_0.name,
            d1_0.parent_department_id,
            dp1_0.position_id,
            p1_0.position_id,
            p1_0.name,
            p1_0.responsibilities,
            dp1_0.slots_total 
        from
            hr.department_positions dp1_0 
        join
            hr.departments d1_0 
                on d1_0.department_id=dp1_0.department_id 
        join
            hr.positions p1_0 
                on p1_0.position_id=dp1_0.position_id 
        where
            d1_0.department_id=?
    Hibernate: 
        select
            p1_0.position_id,
            p1_0.name,
            p1_0.responsibilities 
        from
            hr.positions p1_0
    Hibernate: 
        select
            a1_0.assignment_id,
            a1_0.department_id,
            a1_0.employee_id,
            e1_0.employee_id,
            e1_0.created_at,
            e1_0.education,
            e1_0.first_name,
            e1_0.hire_date,
            e1_0.home_address,
            e1_0.last_name,
            e1_0.middle_name,
            e1_0.status,
            e1_0.updated_at,
            a1_0.end_date,
            a1_0.note,
            a1_0.position_id,
            a1_0.start_date 
        from
            hr.assignments a1_0 
        join
            hr.employees e1_0 
                on e1_0.employee_id=a1_0.employee_id 
        where
            a1_0.department_id=? 
            and a1_0.end_date is null
    Hibernate: 
        select
            d1_0.department_id,
            m1_0.employee_id,
            m1_0.created_at,
            m1_0.education,
            m1_0.first_name,
            m1_0.hire_date,
            m1_0.home_address,
            m1_0.last_name,
            m1_0.middle_name,
            m1_0.status,
            m1_0.updated_at,
            d1_0.name,
            pd1_0.department_id,
            pd1_0.manager_employee_id,
            pd1_0.name,
            pd1_0.parent_department_id 
        from
            hr.departments d1_0 
        left join
            hr.departments pd1_0 
                on pd1_0.department_id=d1_0.parent_department_id 
        left join
            hr.employees m1_0 
                on m1_0.employee_id=d1_0.manager_employee_id 
        where
            d1_0.department_id=?
    Hibernate: 
        select
            d1_0.department_id,
            m1_0.employee_id,
            m1_0.created_at,
            m1_0.education,
            m1_0.first_name,
            m1_0.hire_date,
            m1_0.home_address,
            m1_0.last_name,
            m1_0.middle_name,
            m1_0.status,
            m1_0.updated_at,
            d1_0.name,
            pd1_0.department_id,
            pd1_0.manager_employee_id,
            pd1_0.name,
            pd1_0.parent_department_id 
        from
            hr.departments d1_0 
        left join
            hr.departments pd1_0 
                on pd1_0.department_id=d1_0.parent_department_id 
        left join
            hr.employees m1_0 
                on m1_0.employee_id=d1_0.manager_employee_id 
        order by
            d1_0.department_id
    Hibernate: 
        select
            e1_0.employee_id,
            e1_0.created_at,
            e1_0.education,
            e1_0.first_name,
            e1_0.hire_date,
            e1_0.home_address,
            e1_0.last_name,
            e1_0.middle_name,
            e1_0.status,
            e1_0.updated_at 
        from
            hr.employees e1_0
    Hibernate: 
        select
            d1_0.department_id,
            d1_0.manager_employee_id,
            d1_0.name,
            d1_0.parent_department_id 
        from
            hr.departments d1_0 
        where
            d1_0.department_id=?
    Hibernate: 
        select
            d1_0.department_id,
            d1_0.manager_employee_id,
            d1_0.name,
            d1_0.parent_department_id 
        from
            hr.departments d1_0 
        where
            d1_0.department_id=?
    Hibernate: 
        select
            e1_0.employee_id,
            e1_0.created_at,
            e1_0.education,
            e1_0.first_name,
            e1_0.hire_date,
            e1_0.home_address,
            e1_0.last_name,
            e1_0.middle_name,
            e1_0.status,
            e1_0.updated_at 
        from
            hr.employees e1_0 
        where
            e1_0.employee_id=?
    Hibernate: 
        update
            hr.departments 
        set
            manager_employee_id=?,
            name=?,
            parent_department_id=? 
        where
            department_id=?
    Hibernate: 
        select
            d1_0.department_id,
            m1_0.employee_id,
            m1_0.created_at,
            m1_0.education,
            m1_0.first_name,
            m1_0.hire_date,
            m1_0.home_address,
            m1_0.last_name,
            m1_0.middle_name,
            m1_0.status,
            m1_0.updated_at,
            d1_0.name,
            pd1_0.department_id,
            pd1_0.manager_employee_id,
            pd1_0.name,
            pd1_0.parent_department_id 
        from
            hr.departments d1_0 
        left join
            hr.departments pd1_0 
                on pd1_0.department_id=d1_0.parent_department_id 
        left join
            hr.employees m1_0 
                on m1_0.employee_id=d1_0.manager_employee_id 
        where
            d1_0.department_id=?
    Hibernate: 
        select
            d1_0.department_id,
            d1_0.manager_employee_id,
            d1_0.name,
            d1_0.parent_department_id 
        from
            hr.departments d1_0 
        where
            d1_0.parent_department_id=?
    Hibernate: 
        select
            dp1_0.dept_pos_id,
            dp1_0.department_id,
            d1_0.department_id,
            d1_0.manager_employee_id,
            d1_0.name,
            d1_0.parent_department_id,
            dp1_0.position_id,
            p1_0.position_id,
            p1_0.name,
            p1_0.responsibilities,
            dp1_0.slots_total 
        from
            hr.department_positions dp1_0 
        join
            hr.departments d1_0 
                on d1_0.department_id=dp1_0.department_id 
        join
            hr.positions p1_0 
                on p1_0.position_id=dp1_0.position_id 
        where
            d1_0.department_id=?
    Hibernate: 
        select
            p1_0.position_id,
            p1_0.name,
            p1_0.responsibilities 
        from
            hr.positions p1_0
    Hibernate: 
        select
            a1_0.assignment_id,
            a1_0.department_id,
            a1_0.employee_id,
            e1_0.employee_id,
            e1_0.created_at,
            e1_0.education,
            e1_0.first_name,
            e1_0.hire_date,
            e1_0.home_address,
            e1_0.last_name,
            e1_0.middle_name,
            e1_0.status,
            e1_0.updated_at,
            a1_0.end_date,
            a1_0.note,
            a1_0.position_id,
            a1_0.start_date 
        from
            hr.assignments a1_0 
        join
            hr.employees e1_0 
                on e1_0.employee_id=a1_0.employee_id 
        where
            a1_0.department_id=? 
            and a1_0.end_date is null
    Hibernate: 
        select
            d1_0.department_id,
            d1_0.manager_employee_id,
            d1_0.name,
            d1_0.parent_department_id 
        from
            hr.departments d1_0 
        where
            d1_0.department_id=?
    Hibernate: 
        select
            d1_0.department_id,
            d1_0.manager_employee_id,
            d1_0.name,
            d1_0.parent_department_id 
        from
            hr.departments d1_0 
        where
            d1_0.parent_department_id=?
    Hibernate: 
        select
            count(a1_0.assignment_id) 
        from
            hr.assignments a1_0 
        where
            a1_0.department_id=? 
            and a1_0.end_date is null
    Hibernate: 
        delete 
        from
            hr.departments 
        where
            department_id=?
    Hibernate: 
        select
            d1_0.department_id,
            m1_0.employee_id,
            m1_0.created_at,
            m1_0.education,
            m1_0.first_name,
            m1_0.hire_date,
            m1_0.home_address,
            m1_0.last_name,
            m1_0.middle_name,
            m1_0.status,
            m1_0.updated_at,
            d1_0.name,
            pd1_0.department_id,
            pd1_0.manager_employee_id,
            pd1_0.name,
            pd1_0.parent_department_id 
        from
            hr.departments d1_0 
        left join
            hr.departments pd1_0 
                on pd1_0.department_id=d1_0.parent_department_id 
        left join
            hr.employees m1_0 
                on m1_0.employee_id=d1_0.manager_employee_id 
        order by
            d1_0.department_id
    Hibernate: 
        select
            d1_0.department_id,
            d1_0.manager_employee_id,
            d1_0.name,
            d1_0.parent_department_id 
        from
            hr.departments d1_0 
        where
            d1_0.parent_department_id=?
    Hibernate: 
        select
            count(a1_0.assignment_id) 
        from
            hr.assignments a1_0 
        where
            a1_0.department_id=? 
            and a1_0.end_date is null
    Hibernate: 
        select
            d1_0.department_id,
            d1_0.manager_employee_id,
            d1_0.name,
            d1_0.parent_department_id 
        from
            hr.departments d1_0 
        where
            d1_0.parent_department_id=?
    Hibernate: 
        select
            count(a1_0.assignment_id) 
        from
            hr.assignments a1_0 
        where
            a1_0.department_id=? 
            and a1_0.end_date is null
    Hibernate: 
        select
            d1_0.department_id,
            d1_0.manager_employee_id,
            d1_0.name,
            d1_0.parent_department_id 
        from
            hr.departments d1_0 
        where
            d1_0.parent_department_id=?
    Hibernate: 
        select
            count(a1_0.assignment_id) 
        from
            hr.assignments a1_0 
        where
            a1_0.department_id=? 
            and a1_0.end_date is null
    Hibernate: 
        select
            d1_0.department_id,
            d1_0.manager_employee_id,
            d1_0.name,
            d1_0.parent_department_id 
        from
            hr.departments d1_0 
        where
            d1_0.parent_department_id=?
    Hibernate: 
        select
            count(a1_0.assignment_id) 
        from
            hr.assignments a1_0 
        where
            a1_0.department_id=? 
            and a1_0.end_date is null
    Hibernate: 
        select
            d1_0.department_id,
            d1_0.manager_employee_id,
            d1_0.name,
            d1_0.parent_department_id 
        from
            hr.departments d1_0 
        where
            d1_0.parent_department_id=?
    Hibernate: 
        select
            count(a1_0.assignment_id) 
        from
            hr.assignments a1_0 
        where
            a1_0.department_id=? 
            and a1_0.end_date is null
    Hibernate: 
        select
            d1_0.department_id,
            m1_0.employee_id,
            m1_0.created_at,
            m1_0.education,
            m1_0.first_name,
            m1_0.hire_date,
            m1_0.home_address,
            m1_0.last_name,
            m1_0.middle_name,
            m1_0.status,
            m1_0.updated_at,
            d1_0.name,
            pd1_0.department_id,
            pd1_0.manager_employee_id,
            pd1_0.name,
            pd1_0.parent_department_id 
        from
            hr.departments d1_0 
        left join
            hr.departments pd1_0 
                on pd1_0.department_id=d1_0.parent_department_id 
        left join
            hr.employees m1_0 
                on m1_0.employee_id=d1_0.manager_employee_id 
        where
            d1_0.department_id=?
    Hibernate: 
        select
            d1_0.department_id,
            d1_0.manager_employee_id,
            d1_0.name,
            d1_0.parent_department_id 
        from
            hr.departments d1_0 
        where
            d1_0.parent_department_id=?
    Hibernate: 
        select
            dp1_0.dept_pos_id,
            dp1_0.department_id,
            d1_0.department_id,
            d1_0.manager_employee_id,
            d1_0.name,
            d1_0.parent_department_id,
            dp1_0.position_id,
            p1_0.position_id,
            p1_0.name,
            p1_0.responsibilities,
            dp1_0.slots_total 
        from
            hr.department_positions dp1_0 
        join
            hr.departments d1_0 
                on d1_0.department_id=dp1_0.department_id 
        join
            hr.positions p1_0 
                on p1_0.position_id=dp1_0.position_id 
        where
            d1_0.department_id=?
    Hibernate: 
        select
            a1_0.assignment_id,
            a1_0.department_id,
            a1_0.employee_id,
            e1_0.employee_id,
            e1_0.created_at,
            e1_0.education,
            e1_0.first_name,
            e1_0.hire_date,
            e1_0.home_address,
            e1_0.last_name,
            e1_0.middle_name,
            e1_0.status,
            e1_0.updated_at,
            a1_0.end_date,
            a1_0.note,
            a1_0.position_id,
            a1_0.start_date 
        from
            hr.assignments a1_0 
        join
            hr.employees e1_0 
                on e1_0.employee_id=a1_0.employee_id 
        where
            a1_0.position_id=? 
            and a1_0.end_date is null
    Hibernate: 
        select
            a1_0.assignment_id,
            a1_0.department_id,
            d1_0.department_id,
            d1_0.manager_employee_id,
            d1_0.name,
            d1_0.parent_department_id,
            a1_0.employee_id,
            e1_0.employee_id,
            e1_0.created_at,
            e1_0.education,
            e1_0.first_name,
            e1_0.hire_date,
            e1_0.home_address,
            e1_0.last_name,
            e1_0.middle_name,
            e1_0.status,
            e1_0.updated_at,
            a1_0.end_date,
            a1_0.note,
            a1_0.position_id,
            p1_0.position_id,
            p1_0.name,
            p1_0.responsibilities,
            a1_0.start_date 
        from
            hr.assignments a1_0 
        join
            hr.employees e1_0 
                on e1_0.employee_id=a1_0.employee_id 
        join
            hr.departments d1_0 
                on d1_0.department_id=a1_0.department_id 
        join
            hr.positions p1_0 
                on p1_0.position_id=a1_0.position_id 
        where
            e1_0.employee_id=? 
            and a1_0.end_date is null
    Hibernate: 
        select
            p1_0.position_id,
            p1_0.name,
            p1_0.responsibilities 
        from
            hr.positions p1_0
    Hibernate: 
        select
            a1_0.assignment_id,
            a1_0.department_id,
            a1_0.employee_id,
            e1_0.employee_id,
            e1_0.created_at,
            e1_0.education,
            e1_0.first_name,
            e1_0.hire_date,
            e1_0.home_address,
            e1_0.last_name,
            e1_0.middle_name,
            e1_0.status,
            e1_0.updated_at,
            a1_0.end_date,
            a1_0.note,
            a1_0.position_id,
            a1_0.start_date 
        from
            hr.assignments a1_0 
        join
            hr.employees e1_0 
                on e1_0.employee_id=a1_0.employee_id 
        where
            a1_0.department_id=? 
            and a1_0.end_date is null
    Hibernate: 
        select
            d1_0.department_id,
            d1_0.manager_employee_id,
            d1_0.name,
            d1_0.parent_department_id 
        from
            hr.departments d1_0 
        where
            d1_0.department_id=?
    Hibernate: 
        select
            d1_0.department_id,
            d1_0.manager_employee_id,
            d1_0.name,
            d1_0.parent_department_id 
        from
            hr.departments d1_0 
        where
            d1_0.parent_department_id=?
    Hibernate: 
        select
            d1_0.department_id,
            m1_0.employee_id,
            m1_0.created_at,
            m1_0.education,
            m1_0.first_name,
            m1_0.hire_date,
            m1_0.home_address,
            m1_0.last_name,
            m1_0.middle_name,
            m1_0.status,
            m1_0.updated_at,
            d1_0.name,
            pd1_0.department_id,
            pd1_0.manager_employee_id,
            pd1_0.name,
            pd1_0.parent_department_id 
        from
            hr.departments d1_0 
        left join
            hr.departments pd1_0 
                on pd1_0.department_id=d1_0.parent_department_id 
        left join
            hr.employees m1_0 
                on m1_0.employee_id=d1_0.manager_employee_id 
        where
            d1_0.department_id=?
    Hibernate: 
        select
            d1_0.department_id,
            d1_0.manager_employee_id,
            d1_0.name,
            d1_0.parent_department_id 
        from
            hr.departments d1_0 
        where
            d1_0.parent_department_id=?
    Hibernate: 
        select
            dp1_0.dept_pos_id,
            dp1_0.department_id,
            d1_0.department_id,
            d1_0.manager_employee_id,
            d1_0.name,
            d1_0.parent_department_id,
            dp1_0.position_id,
            p1_0.position_id,
            p1_0.name,
            p1_0.responsibilities,
            dp1_0.slots_total 
        from
            hr.department_positions dp1_0 
        join
            hr.departments d1_0 
                on d1_0.department_id=dp1_0.department_id 
        join
            hr.positions p1_0 
                on p1_0.position_id=dp1_0.position_id 
        where
            d1_0.department_id=?
    Hibernate: 
        select
            a1_0.assignment_id,
            a1_0.department_id,
            a1_0.employee_id,
            e1_0.employee_id,
            e1_0.created_at,
            e1_0.education,
            e1_0.first_name,
            e1_0.hire_date,
            e1_0.home_address,
            e1_0.last_name,
            e1_0.middle_name,
            e1_0.status,
            e1_0.updated_at,
            a1_0.end_date,
            a1_0.note,
            a1_0.position_id,
            a1_0.start_date 
        from
            hr.assignments a1_0 
        join
            hr.employees e1_0 
                on e1_0.employee_id=a1_0.employee_id 
        where
            a1_0.position_id=? 
            and a1_0.end_date is null
    Hibernate: 
        select
            a1_0.assignment_id,
            a1_0.department_id,
            d1_0.department_id,
            d1_0.manager_employee_id,
            d1_0.name,
            d1_0.parent_department_id,
            a1_0.employee_id,
            e1_0.employee_id,
            e1_0.created_at,
            e1_0.education,
            e1_0.first_name,
            e1_0.hire_date,
            e1_0.home_address,
            e1_0.last_name,
            e1_0.middle_name,
            e1_0.status,
            e1_0.updated_at,
            a1_0.end_date,
            a1_0.note,
            a1_0.position_id,
            p1_0.position_id,
            p1_0.name,
            p1_0.responsibilities,
            a1_0.start_date 
        from
            hr.assignments a1_0 
        join
            hr.employees e1_0 
                on e1_0.employee_id=a1_0.employee_id 
        join
            hr.departments d1_0 
                on d1_0.department_id=a1_0.department_id 
        join
            hr.positions p1_0 
                on p1_0.position_id=a1_0.position_id 
        where
            e1_0.employee_id=? 
            and a1_0.end_date is null
    Hibernate: 
        select
            p1_0.position_id,
            p1_0.name,
            p1_0.responsibilities 
        from
            hr.positions p1_0
    Hibernate: 
        select
            a1_0.assignment_id,
            a1_0.department_id,
            a1_0.employee_id,
            e1_0.employee_id,
            e1_0.created_at,
            e1_0.education,
            e1_0.first_name,
            e1_0.hire_date,
            e1_0.home_address,
            e1_0.last_name,
            e1_0.middle_name,
            e1_0.status,
            e1_0.updated_at,
            a1_0.end_date,
            a1_0.note,
            a1_0.position_id,
            a1_0.start_date 
        from
            hr.assignments a1_0 
        join
            hr.employees e1_0 
                on e1_0.employee_id=a1_0.employee_id 
        where
            a1_0.department_id=? 
            and a1_0.end_date is null
    Hibernate: 
        select
            d1_0.department_id,
            m1_0.employee_id,
            m1_0.created_at,
            m1_0.education,
            m1_0.first_name,
            m1_0.hire_date,
            m1_0.home_address,
            m1_0.last_name,
            m1_0.middle_name,
            m1_0.status,
            m1_0.updated_at,
            d1_0.name,
            pd1_0.department_id,
            pd1_0.manager_employee_id,
            pd1_0.name,
            pd1_0.parent_department_id 
        from
            hr.departments d1_0 
        left join
            hr.departments pd1_0 
                on pd1_0.department_id=d1_0.parent_department_id 
        left join
            hr.employees m1_0 
                on m1_0.employee_id=d1_0.manager_employee_id 
        where
            d1_0.department_id=?
    Hibernate: 
        select
            d1_0.department_id,
            d1_0.manager_employee_id,
            d1_0.name,
            d1_0.parent_department_id 
        from
            hr.departments d1_0 
        where
            d1_0.parent_department_id=?
    Hibernate: 
        select
            dp1_0.dept_pos_id,
            dp1_0.department_id,
            d1_0.department_id,
            d1_0.manager_employee_id,
            d1_0.name,
            d1_0.parent_department_id,
            dp1_0.position_id,
            p1_0.position_id,
            p1_0.name,
            p1_0.responsibilities,
            dp1_0.slots_total 
        from
            hr.department_positions dp1_0 
        join
            hr.departments d1_0 
                on d1_0.department_id=dp1_0.department_id 
        join
            hr.positions p1_0 
                on p1_0.position_id=dp1_0.position_id 
        where
            d1_0.department_id=?
    Hibernate: 
        select
            a1_0.assignment_id,
            a1_0.department_id,
            a1_0.employee_id,
            e1_0.employee_id,
            e1_0.created_at,
            e1_0.education,
            e1_0.first_name,
            e1_0.hire_date,
            e1_0.home_address,
            e1_0.last_name,
            e1_0.middle_name,
            e1_0.status,
            e1_0.updated_at,
            a1_0.end_date,
            a1_0.note,
            a1_0.position_id,
            a1_0.start_date 
        from
            hr.assignments a1_0 
        join
            hr.employees e1_0 
                on e1_0.employee_id=a1_0.employee_id 
        where
            a1_0.position_id=? 
            and a1_0.end_date is null
    Hibernate: 
        select
            a1_0.assignment_id,
            a1_0.department_id,
            d1_0.department_id,
            d1_0.manager_employee_id,
            d1_0.name,
            d1_0.parent_department_id,
            a1_0.employee_id,
            e1_0.employee_id,
            e1_0.created_at,
            e1_0.education,
            e1_0.first_name,
            e1_0.hire_date,
            e1_0.home_address,
            e1_0.last_name,
            e1_0.middle_name,
            e1_0.status,
            e1_0.updated_at,
            a1_0.end_date,
            a1_0.note,
            a1_0.position_id,
            p1_0.position_id,
            p1_0.name,
            p1_0.responsibilities,
            a1_0.start_date 
        from
            hr.assignments a1_0 
        join
            hr.employees e1_0 
                on e1_0.employee_id=a1_0.employee_id 
        join
            hr.departments d1_0 
                on d1_0.department_id=a1_0.department_id 
        join
            hr.positions p1_0 
                on p1_0.position_id=a1_0.position_id 
        where
            e1_0.employee_id=? 
            and a1_0.end_date is null
    Hibernate: 
        select
            a1_0.assignment_id,
            a1_0.department_id,
            a1_0.employee_id,
            e1_0.employee_id,
            e1_0.created_at,
            e1_0.education,
            e1_0.first_name,
            e1_0.hire_date,
            e1_0.home_address,
            e1_0.last_name,
            e1_0.middle_name,
            e1_0.status,
            e1_0.updated_at,
            a1_0.end_date,
            a1_0.note,
            a1_0.position_id,
            a1_0.start_date 
        from
            hr.assignments a1_0 
        join
            hr.employees e1_0 
                on e1_0.employee_id=a1_0.employee_id 
        where
            a1_0.position_id=? 
            and a1_0.end_date is null
    Hibernate: 
        select
            a1_0.assignment_id,
            a1_0.department_id,
            d1_0.department_id,
            d1_0.manager_employee_id,
            d1_0.name,
            d1_0.parent_department_id,
            a1_0.employee_id,
            e1_0.employee_id,
            e1_0.created_at,
            e1_0.education,
            e1_0.first_name,
            e1_0.hire_date,
            e1_0.home_address,
            e1_0.last_name,
            e1_0.middle_name,
            e1_0.status,
            e1_0.updated_at,
            a1_0.end_date,
            a1_0.note,
            a1_0.position_id,
            p1_0.position_id,
            p1_0.name,
            p1_0.responsibilities,
            a1_0.start_date 
        from
            hr.assignments a1_0 
        join
            hr.employees e1_0 
                on e1_0.employee_id=a1_0.employee_id 
        join
            hr.departments d1_0 
                on d1_0.department_id=a1_0.department_id 
        join
            hr.positions p1_0 
                on p1_0.position_id=a1_0.position_id 
        where
            e1_0.employee_id=? 
            and a1_0.end_date is null
    Hibernate: 
        select
            p1_0.position_id,
            p1_0.name,
            p1_0.responsibilities 
        from
            hr.positions p1_0
    Hibernate: 
        select
            a1_0.assignment_id,
            a1_0.department_id,
            a1_0.employee_id,
            e1_0.employee_id,
            e1_0.created_at,
            e1_0.education,
            e1_0.first_name,
            e1_0.hire_date,
            e1_0.home_address,
            e1_0.last_name,
            e1_0.middle_name,
            e1_0.status,
            e1_0.updated_at,
            a1_0.end_date,
            a1_0.note,
            a1_0.position_id,
            a1_0.start_date 
        from
            hr.assignments a1_0 
        join
            hr.employees e1_0 
                on e1_0.employee_id=a1_0.employee_id 
        where
            a1_0.department_id=? 
            and a1_0.end_date is null
    Hibernate: 
        select
            d1_0.department_id,
            d1_0.manager_employee_id,
            d1_0.name,
            d1_0.parent_department_id 
        from
            hr.departments d1_0 
        where
            d1_0.department_id=?
    Hibernate: 
        select
            d1_0.department_id,
            d1_0.manager_employee_id,
            d1_0.name,
            d1_0.parent_department_id 
        from
            hr.departments d1_0 
        where
            d1_0.parent_department_id=?
    Hibernate: 
        select
            count(a1_0.assignment_id) 
        from
            hr.assignments a1_0 
        where
            a1_0.department_id=? 
            and a1_0.end_date is null
    Hibernate: 
        select
            d1_0.department_id,
            m1_0.employee_id,
            m1_0.created_at,
            m1_0.education,
            m1_0.first_name,
            m1_0.hire_date,
            m1_0.home_address,
            m1_0.last_name,
            m1_0.middle_name,
            m1_0.status,
            m1_0.updated_at,
            d1_0.name,
            pd1_0.department_id,
            pd1_0.manager_employee_id,
            pd1_0.name,
            pd1_0.parent_department_id 
        from
            hr.departments d1_0 
        left join
            hr.departments pd1_0 
                on pd1_0.department_id=d1_0.parent_department_id 
        left join
            hr.employees m1_0 
                on m1_0.employee_id=d1_0.manager_employee_id 
        where
            d1_0.department_id=?
    Hibernate: 
        select
            d1_0.department_id,
            d1_0.manager_employee_id,
            d1_0.name,
            d1_0.parent_department_id 
        from
            hr.departments d1_0 
        where
            d1_0.parent_department_id=?
    Hibernate: 
        select
            dp1_0.dept_pos_id,
            dp1_0.department_id,
            d1_0.department_id,
            d1_0.manager_employee_id,
            d1_0.name,
            d1_0.parent_department_id,
            dp1_0.position_id,
            p1_0.position_id,
            p1_0.name,
            p1_0.responsibilities,
            dp1_0.slots_total 
        from
            hr.department_positions dp1_0 
        join
            hr.departments d1_0 
                on d1_0.department_id=dp1_0.department_id 
        join
            hr.positions p1_0 
                on p1_0.position_id=dp1_0.position_id 
        where
            d1_0.department_id=?
    Hibernate: 
        select
            a1_0.assignment_id,
            a1_0.department_id,
            a1_0.employee_id,
            e1_0.employee_id,
            e1_0.created_at,
            e1_0.education,
            e1_0.first_name,
            e1_0.hire_date,
            e1_0.home_address,
            e1_0.last_name,
            e1_0.middle_name,
            e1_0.status,
            e1_0.updated_at,
            a1_0.end_date,
            a1_0.note,
            a1_0.position_id,
            a1_0.start_date 
        from
            hr.assignments a1_0 
        join
            hr.employees e1_0 
                on e1_0.employee_id=a1_0.employee_id 
        where
            a1_0.position_id=? 
            and a1_0.end_date is null
    Hibernate: 
        select
            a1_0.assignment_id,
            a1_0.department_id,
            d1_0.department_id,
            d1_0.manager_employee_id,
            d1_0.name,
            d1_0.parent_department_id,
            a1_0.employee_id,
            e1_0.employee_id,
            e1_0.created_at,
            e1_0.education,
            e1_0.first_name,
            e1_0.hire_date,
            e1_0.home_address,
            e1_0.last_name,
            e1_0.middle_name,
            e1_0.status,
            e1_0.updated_at,
            a1_0.end_date,
            a1_0.note,
            a1_0.position_id,
            p1_0.position_id,
            p1_0.name,
            p1_0.responsibilities,
            a1_0.start_date 
        from
            hr.assignments a1_0 
        join
            hr.employees e1_0 
                on e1_0.employee_id=a1_0.employee_id 
        join
            hr.departments d1_0 
                on d1_0.department_id=a1_0.department_id 
        join
            hr.positions p1_0 
                on p1_0.position_id=a1_0.position_id 
        where
            e1_0.employee_id=? 
            and a1_0.end_date is null
    Hibernate: 
        select
            a1_0.assignment_id,
            a1_0.department_id,
            a1_0.employee_id,
            e1_0.employee_id,
            e1_0.created_at,
            e1_0.education,
            e1_0.first_name,
            e1_0.hire_date,
            e1_0.home_address,
            e1_0.last_name,
            e1_0.middle_name,
            e1_0.status,
            e1_0.updated_at,
            a1_0.end_date,
            a1_0.note,
            a1_0.position_id,
            a1_0.start_date 
        from
            hr.assignments a1_0 
        join
            hr.employees e1_0 
                on e1_0.employee_id=a1_0.employee_id 
        where
            a1_0.position_id=? 
            and a1_0.end_date is null
    Hibernate: 
        select
            a1_0.assignment_id,
            a1_0.department_id,
            d1_0.department_id,
            d1_0.manager_employee_id,
            d1_0.name,
            d1_0.parent_department_id,
            a1_0.employee_id,
            e1_0.employee_id,
            e1_0.created_at,
            e1_0.education,
            e1_0.first_name,
            e1_0.hire_date,
            e1_0.home_address,
            e1_0.last_name,
            e1_0.middle_name,
            e1_0.status,
            e1_0.updated_at,
            a1_0.end_date,
            a1_0.note,
            a1_0.position_id,
            p1_0.position_id,
            p1_0.name,
            p1_0.responsibilities,
            a1_0.start_date 
        from
            hr.assignments a1_0 
        join
            hr.employees e1_0 
                on e1_0.employee_id=a1_0.employee_id 
        join
            hr.departments d1_0 
                on d1_0.department_id=a1_0.department_id 
        join
            hr.positions p1_0 
                on p1_0.position_id=a1_0.position_id 
        where
            e1_0.employee_id=? 
            and a1_0.end_date is null
    Hibernate: 
        select
            p1_0.position_id,
            p1_0.name,
            p1_0.responsibilities 
        from
            hr.positions p1_0
    Hibernate: 
        select
            a1_0.assignment_id,
            a1_0.department_id,
            a1_0.employee_id,
            e1_0.employee_id,
            e1_0.created_at,
            e1_0.education,
            e1_0.first_name,
            e1_0.hire_date,
            e1_0.home_address,
            e1_0.last_name,
            e1_0.middle_name,
            e1_0.status,
            e1_0.updated_at,
            a1_0.end_date,
            a1_0.note,
            a1_0.position_id,
            a1_0.start_date 
        from
            hr.assignments a1_0 
        join
            hr.employees e1_0 
                on e1_0.employee_id=a1_0.employee_id 
        where
            a1_0.department_id=? 
            and a1_0.end_date is null

PersonnelUseCasesWebSystemTest > departmentUseCasesHaveSeparateSuccessAndErrorResults() PASSED

PersonnelUseCasesWebSystemTest > userCanNavigateSearchAndOpenEmployeeHistory() STANDARD_OUT
    Hibernate: 
        select
            e1_0.employee_id,
            e1_0.created_at,
            e1_0.education,
            e1_0.first_name,
            e1_0.hire_date,
            e1_0.home_address,
            e1_0.last_name,
            e1_0.middle_name,
            e1_0.status,
            e1_0.updated_at 
        from
            hr.employees e1_0
    Hibernate: 
        select
            d1_0.department_id,
            m1_0.employee_id,
            m1_0.created_at,
            m1_0.education,
            m1_0.first_name,
            m1_0.hire_date,
            m1_0.home_address,
            m1_0.last_name,
            m1_0.middle_name,
            m1_0.status,
            m1_0.updated_at,
            d1_0.name,
            pd1_0.department_id,
            pd1_0.manager_employee_id,
            pd1_0.name,
            pd1_0.parent_department_id 
        from
            hr.departments d1_0 
        left join
            hr.departments pd1_0 
                on pd1_0.department_id=d1_0.parent_department_id 
        left join
            hr.employees m1_0 
                on m1_0.employee_id=d1_0.manager_employee_id 
        order by
            d1_0.department_id
    Hibernate: 
        select
            p1_0.position_id,
            p1_0.name,
            p1_0.responsibilities 
        from
            hr.positions p1_0
    Hibernate: 
        select
            e1_0.employee_id,
            e1_0.created_at,
            e1_0.education,
            e1_0.first_name,
            e1_0.hire_date,
            e1_0.home_address,
            e1_0.last_name,
            e1_0.middle_name,
            e1_0.status,
            e1_0.updated_at 
        from
            hr.employees e1_0
    Hibernate: 
        select
            a1_0.assignment_id,
            a1_0.department_id,
            d1_0.department_id,
            d1_0.manager_employee_id,
            d1_0.name,
            d1_0.parent_department_id,
            a1_0.employee_id,
            e1_0.employee_id,
            e1_0.created_at,
            e1_0.education,
            e1_0.first_name,
            e1_0.hire_date,
            e1_0.home_address,
            e1_0.last_name,
            e1_0.middle_name,
            e1_0.status,
            e1_0.updated_at,
            a1_0.end_date,
            a1_0.note,
            a1_0.position_id,
            p1_0.position_id,
            p1_0.name,
            p1_0.responsibilities,
            a1_0.start_date 
        from
            hr.assignments a1_0 
        join
            hr.employees e1_0 
                on e1_0.employee_id=a1_0.employee_id 
        join
            hr.departments d1_0 
                on d1_0.department_id=a1_0.department_id 
        join
            hr.positions p1_0 
                on p1_0.position_id=a1_0.position_id 
        where
            e1_0.employee_id=? 
            and a1_0.end_date is null
    Hibernate: 
        select
            a1_0.assignment_id,
            a1_0.department_id,
            d1_0.department_id,
            d1_0.manager_employee_id,
            d1_0.name,
            d1_0.parent_department_id,
            a1_0.employee_id,
            e1_0.employee_id,
            e1_0.created_at,
            e1_0.education,
            e1_0.first_name,
            e1_0.hire_date,
            e1_0.home_address,
            e1_0.last_name,
            e1_0.middle_name,
            e1_0.status,
            e1_0.updated_at,
            a1_0.end_date,
            a1_0.note,
            a1_0.position_id,
            p1_0.position_id,
            p1_0.name,
            p1_0.responsibilities,
            a1_0.start_date 
        from
            hr.assignments a1_0 
        join
            hr.employees e1_0 
                on e1_0.employee_id=a1_0.employee_id 
        join
            hr.departments d1_0 
                on d1_0.department_id=a1_0.department_id 
        join
            hr.positions p1_0 
                on p1_0.position_id=a1_0.position_id 
        where
            e1_0.employee_id=? 
            and a1_0.end_date is null
    Hibernate: 
        select
            a1_0.assignment_id,
            a1_0.department_id,
            d1_0.department_id,
            d1_0.manager_employee_id,
            d1_0.name,
            d1_0.parent_department_id,
            a1_0.employee_id,
            e1_0.employee_id,
            e1_0.created_at,
            e1_0.education,
            e1_0.first_name,
            e1_0.hire_date,
            e1_0.home_address,
            e1_0.last_name,
            e1_0.middle_name,
            e1_0.status,
            e1_0.updated_at,
            a1_0.end_date,
            a1_0.note,
            a1_0.position_id,
            p1_0.position_id,
            p1_0.name,
            p1_0.responsibilities,
            a1_0.start_date 
        from
            hr.assignments a1_0 
        join
            hr.employees e1_0 
                on e1_0.employee_id=a1_0.employee_id 
        join
            hr.departments d1_0 
                on d1_0.department_id=a1_0.department_id 
        join
            hr.positions p1_0 
                on p1_0.position_id=a1_0.position_id 
        where
            e1_0.employee_id=? 
            and a1_0.end_date is null
    Hibernate: 
        select
            a1_0.assignment_id,
            a1_0.department_id,
            d1_0.department_id,
            d1_0.manager_employee_id,
            d1_0.name,
            d1_0.parent_department_id,
            a1_0.employee_id,
            e1_0.employee_id,
            e1_0.created_at,
            e1_0.education,
            e1_0.first_name,
            e1_0.hire_date,
            e1_0.home_address,
            e1_0.last_name,
            e1_0.middle_name,
            e1_0.status,
            e1_0.updated_at,
            a1_0.end_date,
            a1_0.note,
            a1_0.position_id,
            p1_0.position_id,
            p1_0.name,
            p1_0.responsibilities,
            a1_0.start_date 
        from
            hr.assignments a1_0 
        join
            hr.employees e1_0 
                on e1_0.employee_id=a1_0.employee_id 
        join
            hr.departments d1_0 
                on d1_0.department_id=a1_0.department_id 
        join
            hr.positions p1_0 
                on p1_0.position_id=a1_0.position_id 
        where
            e1_0.employee_id=? 
            and a1_0.end_date is null
    Hibernate: 
        select
            a1_0.assignment_id,
            a1_0.department_id,
            d1_0.department_id,
            d1_0.manager_employee_id,
            d1_0.name,
            d1_0.parent_department_id,
            a1_0.employee_id,
            e1_0.employee_id,
            e1_0.created_at,
            e1_0.education,
            e1_0.first_name,
            e1_0.hire_date,
            e1_0.home_address,
            e1_0.last_name,
            e1_0.middle_name,
            e1_0.status,
            e1_0.updated_at,
            a1_0.end_date,
            a1_0.note,
            a1_0.position_id,
            p1_0.position_id,
            p1_0.name,
            p1_0.responsibilities,
            a1_0.start_date 
        from
            hr.assignments a1_0 
        join
            hr.employees e1_0 
                on e1_0.employee_id=a1_0.employee_id 
        join
            hr.departments d1_0 
                on d1_0.department_id=a1_0.department_id 
        join
            hr.positions p1_0 
                on p1_0.position_id=a1_0.position_id 
        where
            e1_0.employee_id=? 
            and a1_0.end_date is null
    Hibernate: 
        select
            d1_0.department_id,
            m1_0.employee_id,
            m1_0.created_at,
            m1_0.education,
            m1_0.first_name,
            m1_0.hire_date,
            m1_0.home_address,
            m1_0.last_name,
            m1_0.middle_name,
            m1_0.status,
            m1_0.updated_at,
            d1_0.name,
            pd1_0.department_id,
            pd1_0.manager_employee_id,
            pd1_0.name,
            pd1_0.parent_department_id 
        from
            hr.departments d1_0 
        left join
            hr.departments pd1_0 
                on pd1_0.department_id=d1_0.parent_department_id 
        left join
            hr.employees m1_0 
                on m1_0.employee_id=d1_0.manager_employee_id 
        order by
            d1_0.department_id
    Hibernate: 
        select
            p1_0.position_id,
            p1_0.name,
            p1_0.responsibilities 
        from
            hr.positions p1_0
    Hibernate: 
        select
            e1_0.employee_id,
            e1_0.created_at,
            e1_0.education,
            e1_0.first_name,
            e1_0.hire_date,
            e1_0.home_address,
            e1_0.last_name,
            e1_0.middle_name,
            e1_0.status,
            e1_0.updated_at 
        from
            hr.employees e1_0 
        where
            lower((e1_0.last_name||' '||e1_0.first_name||' '||coalesce(e1_0.middle_name, ''))) like lower(('%'||?||'%')) escape ''
    Hibernate: 
        select
            a1_0.assignment_id,
            a1_0.department_id,
            d1_0.department_id,
            d1_0.manager_employee_id,
            d1_0.name,
            d1_0.parent_department_id,
            a1_0.employee_id,
            e1_0.employee_id,
            e1_0.created_at,
            e1_0.education,
            e1_0.first_name,
            e1_0.hire_date,
            e1_0.home_address,
            e1_0.last_name,
            e1_0.middle_name,
            e1_0.status,
            e1_0.updated_at,
            a1_0.end_date,
            a1_0.note,
            a1_0.position_id,
            p1_0.position_id,
            p1_0.name,
            p1_0.responsibilities,
            a1_0.start_date 
        from
            hr.assignments a1_0 
        join
            hr.employees e1_0 
                on e1_0.employee_id=a1_0.employee_id 
        join
            hr.departments d1_0 
                on d1_0.department_id=a1_0.department_id 
        join
            hr.positions p1_0 
                on p1_0.position_id=a1_0.position_id 
        where
            e1_0.employee_id=? 
            and a1_0.end_date is null
    Hibernate: 
        select
            d1_0.department_id,
            m1_0.employee_id,
            m1_0.created_at,
            m1_0.education,
            m1_0.first_name,
            m1_0.hire_date,
            m1_0.home_address,
            m1_0.last_name,
            m1_0.middle_name,
            m1_0.status,
            m1_0.updated_at,
            d1_0.name,
            pd1_0.department_id,
            pd1_0.manager_employee_id,
            pd1_0.name,
            pd1_0.parent_department_id 
        from
            hr.departments d1_0 
        left join
            hr.departments pd1_0 
                on pd1_0.department_id=d1_0.parent_department_id 
        left join
            hr.employees m1_0 
                on m1_0.employee_id=d1_0.manager_employee_id 
        order by
            d1_0.department_id
    Hibernate: 
        select
            p1_0.position_id,
            p1_0.name,
            p1_0.responsibilities 
        from
            hr.positions p1_0
    Hibernate: 
        select
            e1_0.employee_id,
            e1_0.created_at,
            e1_0.education,
            e1_0.first_name,
            e1_0.hire_date,
            e1_0.home_address,
            e1_0.last_name,
            e1_0.middle_name,
            e1_0.status,
            e1_0.updated_at 
        from
            hr.employees e1_0 
        where
            e1_0.employee_id=?
    Hibernate: 
        select
            a1_0.assignment_id,
            a1_0.department_id,
            d1_0.department_id,
            d1_0.manager_employee_id,
            d1_0.name,
            d1_0.parent_department_id,
            a1_0.employee_id,
            e1_0.employee_id,
            e1_0.created_at,
            e1_0.education,
            e1_0.first_name,
            e1_0.hire_date,
            e1_0.home_address,
            e1_0.last_name,
            e1_0.middle_name,
            e1_0.status,
            e1_0.updated_at,
            a1_0.end_date,
            a1_0.note,
            a1_0.position_id,
            p1_0.position_id,
            p1_0.name,
            p1_0.responsibilities,
            a1_0.start_date 
        from
            hr.assignments a1_0 
        join
            hr.employees e1_0 
                on e1_0.employee_id=a1_0.employee_id 
        join
            hr.departments d1_0 
                on d1_0.department_id=a1_0.department_id 
        join
            hr.positions p1_0 
                on p1_0.position_id=a1_0.position_id 
        where
            e1_0.employee_id=? 
            and a1_0.end_date is null
    Hibernate: 
        select
            e1_0.employee_id,
            e1_0.created_at,
            e1_0.education,
            e1_0.first_name,
            e1_0.hire_date,
            e1_0.home_address,
            e1_0.last_name,
            e1_0.middle_name,
            e1_0.status,
            e1_0.updated_at 
        from
            hr.employees e1_0 
        where
            e1_0.employee_id=?
    Hibernate: 
        select
            a1_0.assignment_id,
            a1_0.department_id,
            d1_0.department_id,
            d1_0.manager_employee_id,
            d1_0.name,
            d1_0.parent_department_id,
            a1_0.employee_id,
            e1_0.employee_id,
            e1_0.created_at,
            e1_0.education,
            e1_0.first_name,
            e1_0.hire_date,
            e1_0.home_address,
            e1_0.last_name,
            e1_0.middle_name,
            e1_0.status,
            e1_0.updated_at,
            a1_0.end_date,
            a1_0.note,
            a1_0.position_id,
            p1_0.position_id,
            p1_0.name,
            p1_0.responsibilities,
            a1_0.start_date 
        from
            hr.assignments a1_0 
        join
            hr.employees e1_0 
                on e1_0.employee_id=a1_0.employee_id 
        join
            hr.departments d1_0 
                on d1_0.department_id=a1_0.department_id 
        join
            hr.positions p1_0 
                on p1_0.position_id=a1_0.position_id 
        where
            e1_0.employee_id=? 
        order by
            a1_0.start_date desc

PersonnelUseCasesWebSystemTest > userCanNavigateSearchAndOpenEmployeeHistory() PASSED

PersonnelUseCasesWebSystemTest > userCanInspectDepartmentGraphAndOpenNestedDepartment() STANDARD_OUT
    Hibernate: 
        select
            d1_0.department_id,
            m1_0.employee_id,
            m1_0.created_at,
            m1_0.education,
            m1_0.first_name,
            m1_0.hire_date,
            m1_0.home_address,
            m1_0.last_name,
            m1_0.middle_name,
            m1_0.status,
            m1_0.updated_at,
            d1_0.name,
            pd1_0.department_id,
            pd1_0.manager_employee_id,
            pd1_0.name,
            pd1_0.parent_department_id 
        from
            hr.departments d1_0 
        left join
            hr.departments pd1_0 
                on pd1_0.department_id=d1_0.parent_department_id 
        left join
            hr.employees m1_0 
                on m1_0.employee_id=d1_0.manager_employee_id 
        order by
            d1_0.department_id
    Hibernate: 
        select
            count(a1_0.assignment_id) 
        from
            hr.assignments a1_0 
        where
            a1_0.department_id=? 
            and a1_0.end_date is null
    Hibernate: 
        select
            count(a1_0.assignment_id) 
        from
            hr.assignments a1_0 
        where
            a1_0.department_id=? 
            and a1_0.end_date is null
    Hibernate: 
        select
            count(a1_0.assignment_id) 
        from
            hr.assignments a1_0 
        where
            a1_0.department_id=? 
            and a1_0.end_date is null
    Hibernate: 
        select
            count(a1_0.assignment_id) 
        from
            hr.assignments a1_0 
        where
            a1_0.department_id=? 
            and a1_0.end_date is null
    Hibernate: 
        select
            count(a1_0.assignment_id) 
        from
            hr.assignments a1_0 
        where
            a1_0.department_id=? 
            and a1_0.end_date is null
    Hibernate: 
        select
            d1_0.department_id,
            m1_0.employee_id,
            m1_0.created_at,
            m1_0.education,
            m1_0.first_name,
            m1_0.hire_date,
            m1_0.home_address,
            m1_0.last_name,
            m1_0.middle_name,
            m1_0.status,
            m1_0.updated_at,
            d1_0.name,
            pd1_0.department_id,
            pd1_0.manager_employee_id,
            pd1_0.name,
            pd1_0.parent_department_id 
        from
            hr.departments d1_0 
        left join
            hr.departments pd1_0 
                on pd1_0.department_id=d1_0.parent_department_id 
        left join
            hr.employees m1_0 
                on m1_0.employee_id=d1_0.manager_employee_id 
        where
            d1_0.department_id=?
    Hibernate: 
        select
            d1_0.department_id,
            d1_0.manager_employee_id,
            d1_0.name,
            d1_0.parent_department_id 
        from
            hr.departments d1_0 
        where
            d1_0.parent_department_id=?
    Hibernate: 
        select
            dp1_0.dept_pos_id,
            dp1_0.department_id,
            d1_0.department_id,
            d1_0.manager_employee_id,
            d1_0.name,
            d1_0.parent_department_id,
            dp1_0.position_id,
            p1_0.position_id,
            p1_0.name,
            p1_0.responsibilities,
            dp1_0.slots_total 
        from
            hr.department_positions dp1_0 
        join
            hr.departments d1_0 
                on d1_0.department_id=dp1_0.department_id 
        join
            hr.positions p1_0 
                on p1_0.position_id=dp1_0.position_id 
        where
            d1_0.department_id=?
    Hibernate: 
        select
            a1_0.assignment_id,
            a1_0.department_id,
            a1_0.employee_id,
            e1_0.employee_id,
            e1_0.created_at,
            e1_0.education,
            e1_0.first_name,
            e1_0.hire_date,
            e1_0.home_address,
            e1_0.last_name,
            e1_0.middle_name,
            e1_0.status,
            e1_0.updated_at,
            a1_0.end_date,
            a1_0.note,
            a1_0.position_id,
            a1_0.start_date 
        from
            hr.assignments a1_0 
        join
            hr.employees e1_0 
                on e1_0.employee_id=a1_0.employee_id 
        where
            a1_0.position_id=? 
            and a1_0.end_date is null
    Hibernate: 
        select
            a1_0.assignment_id,
            a1_0.department_id,
            d1_0.department_id,
            d1_0.manager_employee_id,
            d1_0.name,
            d1_0.parent_department_id,
            a1_0.employee_id,
            e1_0.employee_id,
            e1_0.created_at,
            e1_0.education,
            e1_0.first_name,
            e1_0.hire_date,
            e1_0.home_address,
            e1_0.last_name,
            e1_0.middle_name,
            e1_0.status,
            e1_0.updated_at,
            a1_0.end_date,
            a1_0.note,
            a1_0.position_id,
            p1_0.position_id,
            p1_0.name,
            p1_0.responsibilities,
            a1_0.start_date 
        from
            hr.assignments a1_0 
        join
            hr.employees e1_0 
                on e1_0.employee_id=a1_0.employee_id 
        join
            hr.departments d1_0 
                on d1_0.department_id=a1_0.department_id 
        join
            hr.positions p1_0 
                on p1_0.position_id=a1_0.position_id 
        where
            e1_0.employee_id=? 
            and a1_0.end_date is null
    Hibernate: 
        select
            a1_0.assignment_id,
            a1_0.department_id,
            a1_0.employee_id,
            e1_0.employee_id,
            e1_0.created_at,
            e1_0.education,
            e1_0.first_name,
            e1_0.hire_date,
            e1_0.home_address,
            e1_0.last_name,
            e1_0.middle_name,
            e1_0.status,
            e1_0.updated_at,
            a1_0.end_date,
            a1_0.note,
            a1_0.position_id,
            a1_0.start_date 
        from
            hr.assignments a1_0 
        join
            hr.employees e1_0 
                on e1_0.employee_id=a1_0.employee_id 
        where
            a1_0.position_id=? 
            and a1_0.end_date is null
    Hibernate: 
        select
            a1_0.assignment_id,
            a1_0.department_id,
            d1_0.department_id,
            d1_0.manager_employee_id,
            d1_0.name,
            d1_0.parent_department_id,
            a1_0.employee_id,
            e1_0.employee_id,
            e1_0.created_at,
            e1_0.education,
            e1_0.first_name,
            e1_0.hire_date,
            e1_0.home_address,
            e1_0.last_name,
            e1_0.middle_name,
            e1_0.status,
            e1_0.updated_at,
            a1_0.end_date,
            a1_0.note,
            a1_0.position_id,
            p1_0.position_id,
            p1_0.name,
            p1_0.responsibilities,
            a1_0.start_date 
        from
            hr.assignments a1_0 
        join
            hr.employees e1_0 
                on e1_0.employee_id=a1_0.employee_id 
        join
            hr.departments d1_0 
                on d1_0.department_id=a1_0.department_id 
        join
            hr.positions p1_0 
                on p1_0.position_id=a1_0.position_id 
        where
            e1_0.employee_id=? 
            and a1_0.end_date is null
    Hibernate: 
        select
            p1_0.position_id,
            p1_0.name,
            p1_0.responsibilities 
        from
            hr.positions p1_0
    Hibernate: 
        select
            a1_0.assignment_id,
            a1_0.department_id,
            a1_0.employee_id,
            e1_0.employee_id,
            e1_0.created_at,
            e1_0.education,
            e1_0.first_name,
            e1_0.hire_date,
            e1_0.home_address,
            e1_0.last_name,
            e1_0.middle_name,
            e1_0.status,
            e1_0.updated_at,
            a1_0.end_date,
            a1_0.note,
            a1_0.position_id,
            a1_0.start_date 
        from
            hr.assignments a1_0 
        join
            hr.employees e1_0 
                on e1_0.employee_id=a1_0.employee_id 
        where
            a1_0.department_id=? 
            and a1_0.end_date is null

PersonnelUseCasesWebSystemTest > userCanInspectDepartmentGraphAndOpenNestedDepartment() PASSED

PersonnelUseCasesWebSystemTest > employeeUseCasesHaveSeparateSuccessAndErrorResults() STANDARD_OUT
    Hibernate: 
        insert 
        into
            hr.employees
            (created_at, education, first_name, hire_date, home_address, last_name, middle_name, status, updated_at) 
        values
            (?, ?, ?, ?, ?, ?, ?, ?, ?)
    Hibernate: 
        select
            e1_0.employee_id,
            e1_0.created_at,
            e1_0.education,
            e1_0.first_name,
            e1_0.hire_date,
            e1_0.home_address,
            e1_0.last_name,
            e1_0.middle_name,
            e1_0.status,
            e1_0.updated_at 
        from
            hr.employees e1_0 
        where
            e1_0.employee_id=?
    Hibernate: 
        select
            a1_0.assignment_id,
            a1_0.department_id,
            d1_0.department_id,
            d1_0.manager_employee_id,
            d1_0.name,
            d1_0.parent_department_id,
            a1_0.employee_id,
            e1_0.employee_id,
            e1_0.created_at,
            e1_0.education,
            e1_0.first_name,
            e1_0.hire_date,
            e1_0.home_address,
            e1_0.last_name,
            e1_0.middle_name,
            e1_0.status,
            e1_0.updated_at,
            a1_0.end_date,
            a1_0.note,
            a1_0.position_id,
            p1_0.position_id,
            p1_0.name,
            p1_0.responsibilities,
            a1_0.start_date 
        from
            hr.assignments a1_0 
        join
            hr.employees e1_0 
                on e1_0.employee_id=a1_0.employee_id 
        join
            hr.departments d1_0 
                on d1_0.department_id=a1_0.department_id 
        join
            hr.positions p1_0 
                on p1_0.position_id=a1_0.position_id 
        where
            e1_0.employee_id=? 
            and a1_0.end_date is null
    Hibernate: 
        select
            e1_0.employee_id,
            e1_0.created_at,
            e1_0.education,
            e1_0.first_name,
            e1_0.hire_date,
            e1_0.home_address,
            e1_0.last_name,
            e1_0.middle_name,
            e1_0.status,
            e1_0.updated_at 
        from
            hr.employees e1_0 
        where
            e1_0.employee_id=?
    Hibernate: 
        select
            e1_0.employee_id,
            e1_0.created_at,
            e1_0.education,
            e1_0.first_name,
            e1_0.hire_date,
            e1_0.home_address,
            e1_0.last_name,
            e1_0.middle_name,
            e1_0.status,
            e1_0.updated_at 
        from
            hr.employees e1_0 
        where
            e1_0.employee_id=?
    Hibernate: 
        update
            hr.employees 
        set
            created_at=?,
            education=?,
            first_name=?,
            hire_date=?,
            home_address=?,
            last_name=?,
            middle_name=?,
            status=?,
            updated_at=? 
        where
            employee_id=?
    Hibernate: 
        select
            e1_0.employee_id,
            e1_0.created_at,
            e1_0.education,
            e1_0.first_name,
            e1_0.hire_date,
            e1_0.home_address,
            e1_0.last_name,
            e1_0.middle_name,
            e1_0.status,
            e1_0.updated_at 
        from
            hr.employees e1_0 
        where
            e1_0.employee_id=?
    Hibernate: 
        select
            a1_0.assignment_id,
            a1_0.department_id,
            d1_0.department_id,
            d1_0.manager_employee_id,
            d1_0.name,
            d1_0.parent_department_id,
            a1_0.employee_id,
            e1_0.employee_id,
            e1_0.created_at,
            e1_0.education,
            e1_0.first_name,
            e1_0.hire_date,
            e1_0.home_address,
            e1_0.last_name,
            e1_0.middle_name,
            e1_0.status,
            e1_0.updated_at,
            a1_0.end_date,
            a1_0.note,
            a1_0.position_id,
            p1_0.position_id,
            p1_0.name,
            p1_0.responsibilities,
            a1_0.start_date 
        from
            hr.assignments a1_0 
        join
            hr.employees e1_0 
                on e1_0.employee_id=a1_0.employee_id 
        join
            hr.departments d1_0 
                on d1_0.department_id=a1_0.department_id 
        join
            hr.positions p1_0 
                on p1_0.position_id=a1_0.position_id 
        where
            e1_0.employee_id=? 
            and a1_0.end_date is null
    Hibernate: 
        select
            e1_0.employee_id,
            e1_0.created_at,
            e1_0.education,
            e1_0.first_name,
            e1_0.hire_date,
            e1_0.home_address,
            e1_0.last_name,
            e1_0.middle_name,
            e1_0.status,
            e1_0.updated_at 
        from
            hr.employees e1_0 
        where
            e1_0.employee_id=?
    Hibernate: 
        select
            a1_0.assignment_id,
            a1_0.department_id,
            a1_0.employee_id,
            a1_0.end_date,
            a1_0.note,
            a1_0.position_id,
            a1_0.start_date 
        from
            hr.assignments a1_0 
        where
            a1_0.employee_id=? 
            and a1_0.end_date is null
    Hibernate: 
        delete 
        from
            hr.employees 
        where
            employee_id=?
    Hibernate: 
        select
            e1_0.employee_id,
            e1_0.created_at,
            e1_0.education,
            e1_0.first_name,
            e1_0.hire_date,
            e1_0.home_address,
            e1_0.last_name,
            e1_0.middle_name,
            e1_0.status,
            e1_0.updated_at 
        from
            hr.employees e1_0
    Hibernate: 
        select
            a1_0.assignment_id,
            a1_0.department_id,
            d1_0.department_id,
            d1_0.manager_employee_id,
            d1_0.name,
            d1_0.parent_department_id,
            a1_0.employee_id,
            e1_0.employee_id,
            e1_0.created_at,
            e1_0.education,
            e1_0.first_name,
            e1_0.hire_date,
            e1_0.home_address,
            e1_0.last_name,
            e1_0.middle_name,
            e1_0.status,
            e1_0.updated_at,
            a1_0.end_date,
            a1_0.note,
            a1_0.position_id,
            p1_0.position_id,
            p1_0.name,
            p1_0.responsibilities,
            a1_0.start_date 
        from
            hr.assignments a1_0 
        join
            hr.employees e1_0 
                on e1_0.employee_id=a1_0.employee_id 
        join
            hr.departments d1_0 
                on d1_0.department_id=a1_0.department_id 
        join
            hr.positions p1_0 
                on p1_0.position_id=a1_0.position_id 
        where
            e1_0.employee_id=? 
            and a1_0.end_date is null
    Hibernate: 
        select
            a1_0.assignment_id,
            a1_0.department_id,
            d1_0.department_id,
            d1_0.manager_employee_id,
            d1_0.name,
            d1_0.parent_department_id,
            a1_0.employee_id,
            e1_0.employee_id,
            e1_0.created_at,
            e1_0.education,
            e1_0.first_name,
            e1_0.hire_date,
            e1_0.home_address,
            e1_0.last_name,
            e1_0.middle_name,
            e1_0.status,
            e1_0.updated_at,
            a1_0.end_date,
            a1_0.note,
            a1_0.position_id,
            p1_0.position_id,
            p1_0.name,
            p1_0.responsibilities,
            a1_0.start_date 
        from
            hr.assignments a1_0 
        join
            hr.employees e1_0 
                on e1_0.employee_id=a1_0.employee_id 
        join
            hr.departments d1_0 
                on d1_0.department_id=a1_0.department_id 
        join
            hr.positions p1_0 
                on p1_0.position_id=a1_0.position_id 
        where
            e1_0.employee_id=? 
            and a1_0.end_date is null
    Hibernate: 
        select
            a1_0.assignment_id,
            a1_0.department_id,
            d1_0.department_id,
            d1_0.manager_employee_id,
            d1_0.name,
            d1_0.parent_department_id,
            a1_0.employee_id,
            e1_0.employee_id,
            e1_0.created_at,
            e1_0.education,
            e1_0.first_name,
            e1_0.hire_date,
            e1_0.home_address,
            e1_0.last_name,
            e1_0.middle_name,
            e1_0.status,
            e1_0.updated_at,
            a1_0.end_date,
            a1_0.note,
            a1_0.position_id,
            p1_0.position_id,
            p1_0.name,
            p1_0.responsibilities,
            a1_0.start_date 
        from
            hr.assignments a1_0 
        join
            hr.employees e1_0 
                on e1_0.employee_id=a1_0.employee_id 
        join
            hr.departments d1_0 
                on d1_0.department_id=a1_0.department_id 
        join
            hr.positions p1_0 
                on p1_0.position_id=a1_0.position_id 
        where
            e1_0.employee_id=? 
            and a1_0.end_date is null
    Hibernate: 
        select
            a1_0.assignment_id,
            a1_0.department_id,
            d1_0.department_id,
            d1_0.manager_employee_id,
            d1_0.name,
            d1_0.parent_department_id,
            a1_0.employee_id,
            e1_0.employee_id,
            e1_0.created_at,
            e1_0.education,
            e1_0.first_name,
            e1_0.hire_date,
            e1_0.home_address,
            e1_0.last_name,
            e1_0.middle_name,
            e1_0.status,
            e1_0.updated_at,
            a1_0.end_date,
            a1_0.note,
            a1_0.position_id,
            p1_0.position_id,
            p1_0.name,
            p1_0.responsibilities,
            a1_0.start_date 
        from
            hr.assignments a1_0 
        join
            hr.employees e1_0 
                on e1_0.employee_id=a1_0.employee_id 
        join
            hr.departments d1_0 
                on d1_0.department_id=a1_0.department_id 
        join
            hr.positions p1_0 
                on p1_0.position_id=a1_0.position_id 
        where
            e1_0.employee_id=? 
            and a1_0.end_date is null
    Hibernate: 
        select
            a1_0.assignment_id,
            a1_0.department_id,
            d1_0.department_id,
            d1_0.manager_employee_id,
            d1_0.name,
            d1_0.parent_department_id,
            a1_0.employee_id,
            e1_0.employee_id,
            e1_0.created_at,
            e1_0.education,
            e1_0.first_name,
            e1_0.hire_date,
            e1_0.home_address,
            e1_0.last_name,
            e1_0.middle_name,
            e1_0.status,
            e1_0.updated_at,
            a1_0.end_date,
            a1_0.note,
            a1_0.position_id,
            p1_0.position_id,
            p1_0.name,
            p1_0.responsibilities,
            a1_0.start_date 
        from
            hr.assignments a1_0 
        join
            hr.employees e1_0 
                on e1_0.employee_id=a1_0.employee_id 
        join
            hr.departments d1_0 
                on d1_0.department_id=a1_0.department_id 
        join
            hr.positions p1_0 
                on p1_0.position_id=a1_0.position_id 
        where
            e1_0.employee_id=? 
            and a1_0.end_date is null
    Hibernate: 
        select
            d1_0.department_id,
            m1_0.employee_id,
            m1_0.created_at,
            m1_0.education,
            m1_0.first_name,
            m1_0.hire_date,
            m1_0.home_address,
            m1_0.last_name,
            m1_0.middle_name,
            m1_0.status,
            m1_0.updated_at,
            d1_0.name,
            pd1_0.department_id,
            pd1_0.manager_employee_id,
            pd1_0.name,
            pd1_0.parent_department_id 
        from
            hr.departments d1_0 
        left join
            hr.departments pd1_0 
                on pd1_0.department_id=d1_0.parent_department_id 
        left join
            hr.employees m1_0 
                on m1_0.employee_id=d1_0.manager_employee_id 
        order by
            d1_0.department_id
    Hibernate: 
        select
            p1_0.position_id,
            p1_0.name,
            p1_0.responsibilities 
        from
            hr.positions p1_0
    Hibernate: 
        select
            e1_0.employee_id,
            e1_0.created_at,
            e1_0.education,
            e1_0.first_name,
            e1_0.hire_date,
            e1_0.home_address,
            e1_0.last_name,
            e1_0.middle_name,
            e1_0.status,
            e1_0.updated_at 
        from
            hr.employees e1_0 
        where
            e1_0.employee_id=?
    Hibernate: 
        select
            a1_0.assignment_id,
            a1_0.department_id,
            d1_0.department_id,
            d1_0.manager_employee_id,
            d1_0.name,
            d1_0.parent_department_id,
            a1_0.employee_id,
            e1_0.employee_id,
            e1_0.created_at,
            e1_0.education,
            e1_0.first_name,
            e1_0.hire_date,
            e1_0.home_address,
            e1_0.last_name,
            e1_0.middle_name,
            e1_0.status,
            e1_0.updated_at,
            a1_0.end_date,
            a1_0.note,
            a1_0.position_id,
            p1_0.position_id,
            p1_0.name,
            p1_0.responsibilities,
            a1_0.start_date 
        from
            hr.assignments a1_0 
        join
            hr.employees e1_0 
                on e1_0.employee_id=a1_0.employee_id 
        join
            hr.departments d1_0 
                on d1_0.department_id=a1_0.department_id 
        join
            hr.positions p1_0 
                on p1_0.position_id=a1_0.position_id 
        where
            e1_0.employee_id=? 
            and a1_0.end_date is null
    Hibernate: 
        select
            e1_0.employee_id,
            e1_0.created_at,
            e1_0.education,
            e1_0.first_name,
            e1_0.hire_date,
            e1_0.home_address,
            e1_0.last_name,
            e1_0.middle_name,
            e1_0.status,
            e1_0.updated_at 
        from
            hr.employees e1_0 
        where
            e1_0.employee_id=?
    Hibernate: 
        select
            a1_0.assignment_id,
            a1_0.department_id,
            a1_0.employee_id,
            a1_0.end_date,
            a1_0.note,
            a1_0.position_id,
            a1_0.start_date 
        from
            hr.assignments a1_0 
        where
            a1_0.employee_id=? 
            and a1_0.end_date is null
    Hibernate: 
        select
            e1_0.employee_id,
            e1_0.created_at,
            e1_0.education,
            e1_0.first_name,
            e1_0.hire_date,
            e1_0.home_address,
            e1_0.last_name,
            e1_0.middle_name,
            e1_0.status,
            e1_0.updated_at 
        from
            hr.employees e1_0 
        where
            e1_0.employee_id=?
    Hibernate: 
        select
            a1_0.assignment_id,
            a1_0.department_id,
            d1_0.department_id,
            d1_0.manager_employee_id,
            d1_0.name,
            d1_0.parent_department_id,
            a1_0.employee_id,
            e1_0.employee_id,
            e1_0.created_at,
            e1_0.education,
            e1_0.first_name,
            e1_0.hire_date,
            e1_0.home_address,
            e1_0.last_name,
            e1_0.middle_name,
            e1_0.status,
            e1_0.updated_at,
            a1_0.end_date,
            a1_0.note,
            a1_0.position_id,
            p1_0.position_id,
            p1_0.name,
            p1_0.responsibilities,
            a1_0.start_date 
        from
            hr.assignments a1_0 
        join
            hr.employees e1_0 
                on e1_0.employee_id=a1_0.employee_id 
        join
            hr.departments d1_0 
                on d1_0.department_id=a1_0.department_id 
        join
            hr.positions p1_0 
                on p1_0.position_id=a1_0.position_id 
        where
            e1_0.employee_id=? 
            and a1_0.end_date is null

PersonnelUseCasesWebSystemTest > employeeUseCasesHaveSeparateSuccessAndErrorResults() PASSED

PersonnelUseCasesWebSystemTest > userCanEditAndDeletePositionThroughButtons() STANDARD_OUT
    Hibernate: 
        insert 
        into
            hr.positions
            (name, responsibilities) 
        values
            (?, ?)
    Hibernate: 
        select
            p1_0.position_id,
            p1_0.name,
            p1_0.responsibilities 
        from
            hr.positions p1_0 
        where
            p1_0.position_id=?
    Hibernate: 
        select
            dp1_0.dept_pos_id,
            dp1_0.department_id,
            d1_0.department_id,
            d1_0.manager_employee_id,
            d1_0.name,
            d1_0.parent_department_id,
            dp1_0.position_id,
            p1_0.position_id,
            p1_0.name,
            p1_0.responsibilities,
            dp1_0.slots_total 
        from
            hr.department_positions dp1_0 
        join
            hr.departments d1_0 
                on d1_0.department_id=dp1_0.department_id 
        join
            hr.positions p1_0 
                on p1_0.position_id=dp1_0.position_id 
        where
            p1_0.position_id=?
    Hibernate: 
        select
            count(a1_0.assignment_id) 
        from
            hr.assignments a1_0 
        where
            a1_0.position_id=? 
            and a1_0.end_date is null
    Hibernate: 
        select
            p1_0.position_id,
            p1_0.name,
            p1_0.responsibilities 
        from
            hr.positions p1_0 
        where
            p1_0.position_id=?
    Hibernate: 
        select
            p1_0.position_id,
            p1_0.name,
            p1_0.responsibilities 
        from
            hr.positions p1_0 
        where
            p1_0.position_id=?
    Hibernate: 
        update
            hr.positions 
        set
            name=?,
            responsibilities=? 
        where
            position_id=?
    Hibernate: 
        select
            p1_0.position_id,
            p1_0.name,
            p1_0.responsibilities 
        from
            hr.positions p1_0 
        where
            p1_0.position_id=?
    Hibernate: 
        select
            dp1_0.dept_pos_id,
            dp1_0.department_id,
            d1_0.department_id,
            d1_0.manager_employee_id,
            d1_0.name,
            d1_0.parent_department_id,
            dp1_0.position_id,
            p1_0.position_id,
            p1_0.name,
            p1_0.responsibilities,
            dp1_0.slots_total 
        from
            hr.department_positions dp1_0 
        join
            hr.departments d1_0 
                on d1_0.department_id=dp1_0.department_id 
        join
            hr.positions p1_0 
                on p1_0.position_id=dp1_0.position_id 
        where
            p1_0.position_id=?
    Hibernate: 
        select
            count(a1_0.assignment_id) 
        from
            hr.assignments a1_0 
        where
            a1_0.position_id=? 
            and a1_0.end_date is null
    Hibernate: 
        select
            p1_0.position_id,
            p1_0.name,
            p1_0.responsibilities 
        from
            hr.positions p1_0 
        where
            p1_0.position_id=?
    Hibernate: 
        select
            count(a1_0.assignment_id) 
        from
            hr.assignments a1_0 
        where
            a1_0.position_id=? 
            and a1_0.end_date is null
    Hibernate: 
        delete 
        from
            hr.positions 
        where
            position_id=?
    Hibernate: 
        select
            p1_0.position_id,
            p1_0.name,
            p1_0.responsibilities 
        from
            hr.positions p1_0
    Hibernate: 
        select
            count(dp1_0.dept_pos_id) 
        from
            hr.department_positions dp1_0 
        where
            dp1_0.position_id=?
    Hibernate: 
        select
            count(a1_0.assignment_id) 
        from
            hr.assignments a1_0 
        where
            a1_0.position_id=? 
            and a1_0.end_date is null
    Hibernate: 
        select
            count(dp1_0.dept_pos_id) 
        from
            hr.department_positions dp1_0 
        where
            dp1_0.position_id=?
    Hibernate: 
        select
            count(a1_0.assignment_id) 
        from
            hr.assignments a1_0 
        where
            a1_0.position_id=? 
            and a1_0.end_date is null
    Hibernate: 
        select
            count(dp1_0.dept_pos_id) 
        from
            hr.department_positions dp1_0 
        where
            dp1_0.position_id=?
    Hibernate: 
        select
            count(a1_0.assignment_id) 
        from
            hr.assignments a1_0 
        where
            a1_0.position_id=? 
            and a1_0.end_date is null
    Hibernate: 
        select
            count(dp1_0.dept_pos_id) 
        from
            hr.department_positions dp1_0 
        where
            dp1_0.position_id=?
    Hibernate: 
        select
            count(a1_0.assignment_id) 
        from
            hr.assignments a1_0 
        where
            a1_0.position_id=? 
            and a1_0.end_date is null
    Hibernate: 
        select
            count(dp1_0.dept_pos_id) 
        from
            hr.department_positions dp1_0 
        where
            dp1_0.position_id=?
    Hibernate: 
        select
            count(a1_0.assignment_id) 
        from
            hr.assignments a1_0 
        where
            a1_0.position_id=? 
            and a1_0.end_date is null

PersonnelUseCasesWebSystemTest > userCanEditAndDeletePositionThroughButtons() PASSED

PersonnelUseCasesWebSystemTest > positionUseCasesHaveSeparateSuccessAndErrorResults() STANDARD_OUT
    Hibernate: 
        insert 
        into
            hr.positions
            (name, responsibilities) 
        values
            (?, ?)
    Hibernate: 
        select
            p1_0.position_id,
            p1_0.name,
            p1_0.responsibilities 
        from
            hr.positions p1_0 
        where
            p1_0.position_id=?
    Hibernate: 
        select
            dp1_0.dept_pos_id,
            dp1_0.department_id,
            d1_0.department_id,
            d1_0.manager_employee_id,
            d1_0.name,
            d1_0.parent_department_id,
            dp1_0.position_id,
            p1_0.position_id,
            p1_0.name,
            p1_0.responsibilities,
            dp1_0.slots_total 
        from
            hr.department_positions dp1_0 
        join
            hr.departments d1_0 
                on d1_0.department_id=dp1_0.department_id 
        join
            hr.positions p1_0 
                on p1_0.position_id=dp1_0.position_id 
        where
            p1_0.position_id=?
    Hibernate: 
        select
            count(a1_0.assignment_id) 
        from
            hr.assignments a1_0 
        where
            a1_0.position_id=? 
            and a1_0.end_date is null
    Hibernate: 
        select
            p1_0.position_id,
            p1_0.name,
            p1_0.responsibilities 
        from
            hr.positions p1_0 
        where
            p1_0.position_id=?
    Hibernate: 
        select
            p1_0.position_id,
            p1_0.name,
            p1_0.responsibilities 
        from
            hr.positions p1_0 
        where
            p1_0.position_id=?
    Hibernate: 
        update
            hr.positions 
        set
            name=?,
            responsibilities=? 
        where
            position_id=?
    Hibernate: 
        select
            p1_0.position_id,
            p1_0.name,
            p1_0.responsibilities 
        from
            hr.positions p1_0 
        where
            p1_0.position_id=?
    Hibernate: 
        select
            dp1_0.dept_pos_id,
            dp1_0.department_id,
            d1_0.department_id,
            d1_0.manager_employee_id,
            d1_0.name,
            d1_0.parent_department_id,
            dp1_0.position_id,
            p1_0.position_id,
            p1_0.name,
            p1_0.responsibilities,
            dp1_0.slots_total 
        from
            hr.department_positions dp1_0 
        join
            hr.departments d1_0 
                on d1_0.department_id=dp1_0.department_id 
        join
            hr.positions p1_0 
                on p1_0.position_id=dp1_0.position_id 
        where
            p1_0.position_id=?
    Hibernate: 
        select
            count(a1_0.assignment_id) 
        from
            hr.assignments a1_0 
        where
            a1_0.position_id=? 
            and a1_0.end_date is null
    Hibernate: 
        select
            p1_0.position_id,
            p1_0.name,
            p1_0.responsibilities 
        from
            hr.positions p1_0 
        where
            p1_0.position_id=?
    Hibernate: 
        select
            count(a1_0.assignment_id) 
        from
            hr.assignments a1_0 
        where
            a1_0.position_id=? 
            and a1_0.end_date is null
    Hibernate: 
        delete 
        from
            hr.positions 
        where
            position_id=?
    Hibernate: 
        select
            p1_0.position_id,
            p1_0.name,
            p1_0.responsibilities 
        from
            hr.positions p1_0
    Hibernate: 
        select
            count(dp1_0.dept_pos_id) 
        from
            hr.department_positions dp1_0 
        where
            dp1_0.position_id=?
    Hibernate: 
        select
            count(a1_0.assignment_id) 
        from
            hr.assignments a1_0 
        where
            a1_0.position_id=? 
            and a1_0.end_date is null
    Hibernate: 
        select
            count(dp1_0.dept_pos_id) 
        from
            hr.department_positions dp1_0 
        where
            dp1_0.position_id=?
    Hibernate: 
        select
            count(a1_0.assignment_id) 
        from
            hr.assignments a1_0 
        where
            a1_0.position_id=? 
            and a1_0.end_date is null
    Hibernate: 
        select
            count(dp1_0.dept_pos_id) 
        from
            hr.department_positions dp1_0 
        where
            dp1_0.position_id=?
    Hibernate: 
        select
            count(a1_0.assignment_id) 
        from
            hr.assignments a1_0 
        where
            a1_0.position_id=? 
            and a1_0.end_date is null
    Hibernate: 
        select
            count(dp1_0.dept_pos_id) 
        from
            hr.department_positions dp1_0 
        where
            dp1_0.position_id=?
    Hibernate: 
        select
            count(a1_0.assignment_id) 
        from
            hr.assignments a1_0 
        where
            a1_0.position_id=? 
            and a1_0.end_date is null
    Hibernate: 
        select
            count(dp1_0.dept_pos_id) 
        from
            hr.department_positions dp1_0 
        where
            dp1_0.position_id=?
    Hibernate: 
        select
            count(a1_0.assignment_id) 
        from
            hr.assignments a1_0 
        where
            a1_0.position_id=? 
            and a1_0.end_date is null
    Hibernate: 
        select
            p1_0.position_id,
            p1_0.name,
            p1_0.responsibilities 
        from
            hr.positions p1_0 
        where
            p1_0.position_id=?
    Hibernate: 
        select
            dp1_0.dept_pos_id,
            dp1_0.department_id,
            d1_0.department_id,
            d1_0.manager_employee_id,
            d1_0.name,
            d1_0.parent_department_id,
            dp1_0.position_id,
            p1_0.position_id,
            p1_0.name,
            p1_0.responsibilities,
            dp1_0.slots_total 
        from
            hr.department_positions dp1_0 
        join
            hr.departments d1_0 
                on d1_0.department_id=dp1_0.department_id 
        join
            hr.positions p1_0 
                on p1_0.position_id=dp1_0.position_id 
        where
            p1_0.position_id=?
    Hibernate: 
        select
            count(a1_0.assignment_id) 
        from
            hr.assignments a1_0 
        where
            a1_0.department_id=? 
            and a1_0.position_id=? 
            and a1_0.end_date is null
    Hibernate: 
        select
            count(a1_0.assignment_id) 
        from
            hr.assignments a1_0 
        where
            a1_0.department_id=? 
            and a1_0.position_id=? 
            and a1_0.end_date is null
    Hibernate: 
        select
            count(a1_0.assignment_id) 
        from
            hr.assignments a1_0 
        where
            a1_0.position_id=? 
            and a1_0.end_date is null
    Hibernate: 
        select
            p1_0.position_id,
            p1_0.name,
            p1_0.responsibilities 
        from
            hr.positions p1_0 
        where
            p1_0.position_id=?
    Hibernate: 
        select
            count(a1_0.assignment_id) 
        from
            hr.assignments a1_0 
        where
            a1_0.position_id=? 
            and a1_0.end_date is null
    Hibernate: 
        select
            p1_0.position_id,
            p1_0.name,
            p1_0.responsibilities 
        from
            hr.positions p1_0 
        where
            p1_0.position_id=?
    Hibernate: 
        select
            dp1_0.dept_pos_id,
            dp1_0.department_id,
            d1_0.department_id,
            d1_0.manager_employee_id,
            d1_0.name,
            d1_0.parent_department_id,
            dp1_0.position_id,
            p1_0.position_id,
            p1_0.name,
            p1_0.responsibilities,
            dp1_0.slots_total 
        from
            hr.department_positions dp1_0 
        join
            hr.departments d1_0 
                on d1_0.department_id=dp1_0.department_id 
        join
            hr.positions p1_0 
                on p1_0.position_id=dp1_0.position_id 
        where
            p1_0.position_id=?
    Hibernate: 
        select
            count(a1_0.assignment_id) 
        from
            hr.assignments a1_0 
        where
            a1_0.department_id=? 
            and a1_0.position_id=? 
            and a1_0.end_date is null
    Hibernate: 
        select
            count(a1_0.assignment_id) 
        from
            hr.assignments a1_0 
        where
            a1_0.department_id=? 
            and a1_0.position_id=? 
            and a1_0.end_date is null
    Hibernate: 
        select
            count(a1_0.assignment_id) 
        from
            hr.assignments a1_0 
        where
            a1_0.position_id=? 
            and a1_0.end_date is null

PersonnelUseCasesWebSystemTest > positionUseCasesHaveSeparateSuccessAndErrorResults() PASSED

PersonnelUseCasesWebSystemTest > userSeesValidationErrorAndThenCreatesEmployee() STANDARD_OUT
    Hibernate: 
        select
            e1_0.employee_id,
            e1_0.created_at,
            e1_0.education,
            e1_0.first_name,
            e1_0.hire_date,
            e1_0.home_address,
            e1_0.last_name,
            e1_0.middle_name,
            e1_0.status,
            e1_0.updated_at 
        from
            hr.employees e1_0
    Hibernate: 
        select
            d1_0.department_id,
            m1_0.employee_id,
            m1_0.created_at,
            m1_0.education,
            m1_0.first_name,
            m1_0.hire_date,
            m1_0.home_address,
            m1_0.last_name,
            m1_0.middle_name,
            m1_0.status,
            m1_0.updated_at,
            d1_0.name,
            pd1_0.department_id,
            pd1_0.manager_employee_id,
            pd1_0.name,
            pd1_0.parent_department_id 
        from
            hr.departments d1_0 
        left join
            hr.departments pd1_0 
                on pd1_0.department_id=d1_0.parent_department_id 
        left join
            hr.employees m1_0 
                on m1_0.employee_id=d1_0.manager_employee_id 
        order by
            d1_0.department_id
    Hibernate: 
        select
            p1_0.position_id,
            p1_0.name,
            p1_0.responsibilities 
        from
            hr.positions p1_0
    Hibernate: 
        insert 
        into
            hr.employees
            (created_at, education, first_name, hire_date, home_address, last_name, middle_name, status, updated_at) 
        values
            (?, ?, ?, ?, ?, ?, ?, ?, ?)
    Hibernate: 
        select
            e1_0.employee_id,
            e1_0.created_at,
            e1_0.education,
            e1_0.first_name,
            e1_0.hire_date,
            e1_0.home_address,
            e1_0.last_name,
            e1_0.middle_name,
            e1_0.status,
            e1_0.updated_at 
        from
            hr.employees e1_0 
        where
            e1_0.employee_id=?
    Hibernate: 
        select
            a1_0.assignment_id,
            a1_0.department_id,
            d1_0.department_id,
            d1_0.manager_employee_id,
            d1_0.name,
            d1_0.parent_department_id,
            a1_0.employee_id,
            e1_0.employee_id,
            e1_0.created_at,
            e1_0.education,
            e1_0.first_name,
            e1_0.hire_date,
            e1_0.home_address,
            e1_0.last_name,
            e1_0.middle_name,
            e1_0.status,
            e1_0.updated_at,
            a1_0.end_date,
            a1_0.note,
            a1_0.position_id,
            p1_0.position_id,
            p1_0.name,
            p1_0.responsibilities,
            a1_0.start_date 
        from
            hr.assignments a1_0 
        join
            hr.employees e1_0 
                on e1_0.employee_id=a1_0.employee_id 
        join
            hr.departments d1_0 
                on d1_0.department_id=a1_0.department_id 
        join
            hr.positions p1_0 
                on p1_0.position_id=a1_0.position_id 
        where
            e1_0.employee_id=? 
            and a1_0.end_date is null

PersonnelUseCasesWebSystemTest > userSeesValidationErrorAndThenCreatesEmployee() PASSED

PersonnelUseCasesWebSystemTest > departmentPositionUseCasesHaveSeparateSuccessAndErrorResults() STANDARD_OUT
    Hibernate: 
        select
            d1_0.department_id,
            m1_0.employee_id,
            m1_0.created_at,
            m1_0.education,
            m1_0.first_name,
            m1_0.hire_date,
            m1_0.home_address,
            m1_0.last_name,
            m1_0.middle_name,
            m1_0.status,
            m1_0.updated_at,
            d1_0.name,
            pd1_0.department_id,
            pd1_0.manager_employee_id,
            pd1_0.name,
            pd1_0.parent_department_id 
        from
            hr.departments d1_0 
        left join
            hr.departments pd1_0 
                on pd1_0.department_id=d1_0.parent_department_id 
        left join
            hr.employees m1_0 
                on m1_0.employee_id=d1_0.manager_employee_id 
        where
            d1_0.department_id=?
    Hibernate: 
        select
            d1_0.department_id,
            d1_0.manager_employee_id,
            d1_0.name,
            d1_0.parent_department_id 
        from
            hr.departments d1_0 
        where
            d1_0.parent_department_id=?
    Hibernate: 
        select
            dp1_0.dept_pos_id,
            dp1_0.department_id,
            d1_0.department_id,
            d1_0.manager_employee_id,
            d1_0.name,
            d1_0.parent_department_id,
            dp1_0.position_id,
            p1_0.position_id,
            p1_0.name,
            p1_0.responsibilities,
            dp1_0.slots_total 
        from
            hr.department_positions dp1_0 
        join
            hr.departments d1_0 
                on d1_0.department_id=dp1_0.department_id 
        join
            hr.positions p1_0 
                on p1_0.position_id=dp1_0.position_id 
        where
            d1_0.department_id=?
    Hibernate: 
        select
            a1_0.assignment_id,
            a1_0.department_id,
            a1_0.employee_id,
            e1_0.employee_id,
            e1_0.created_at,
            e1_0.education,
            e1_0.first_name,
            e1_0.hire_date,
            e1_0.home_address,
            e1_0.last_name,
            e1_0.middle_name,
            e1_0.status,
            e1_0.updated_at,
            a1_0.end_date,
            a1_0.note,
            a1_0.position_id,
            a1_0.start_date 
        from
            hr.assignments a1_0 
        join
            hr.employees e1_0 
                on e1_0.employee_id=a1_0.employee_id 
        where
            a1_0.position_id=? 
            and a1_0.end_date is null
    Hibernate: 
        select
            a1_0.assignment_id,
            a1_0.department_id,
            d1_0.department_id,
            d1_0.manager_employee_id,
            d1_0.name,
            d1_0.parent_department_id,
            a1_0.employee_id,
            e1_0.employee_id,
            e1_0.created_at,
            e1_0.education,
            e1_0.first_name,
            e1_0.hire_date,
            e1_0.home_address,
            e1_0.last_name,
            e1_0.middle_name,
            e1_0.status,
            e1_0.updated_at,
            a1_0.end_date,
            a1_0.note,
            a1_0.position_id,
            p1_0.position_id,
            p1_0.name,
            p1_0.responsibilities,
            a1_0.start_date 
        from
            hr.assignments a1_0 
        join
            hr.employees e1_0 
                on e1_0.employee_id=a1_0.employee_id 
        join
            hr.departments d1_0 
                on d1_0.department_id=a1_0.department_id 
        join
            hr.positions p1_0 
                on p1_0.position_id=a1_0.position_id 
        where
            e1_0.employee_id=? 
            and a1_0.end_date is null
    Hibernate: 
        select
            a1_0.assignment_id,
            a1_0.department_id,
            a1_0.employee_id,
            e1_0.employee_id,
            e1_0.created_at,
            e1_0.education,
            e1_0.first_name,
            e1_0.hire_date,
            e1_0.home_address,
            e1_0.last_name,
            e1_0.middle_name,
            e1_0.status,
            e1_0.updated_at,
            a1_0.end_date,
            a1_0.note,
            a1_0.position_id,
            a1_0.start_date 
        from
            hr.assignments a1_0 
        join
            hr.employees e1_0 
                on e1_0.employee_id=a1_0.employee_id 
        where
            a1_0.position_id=? 
            and a1_0.end_date is null
    Hibernate: 
        select
            a1_0.assignment_id,
            a1_0.department_id,
            d1_0.department_id,
            d1_0.manager_employee_id,
            d1_0.name,
            d1_0.parent_department_id,
            a1_0.employee_id,
            e1_0.employee_id,
            e1_0.created_at,
            e1_0.education,
            e1_0.first_name,
            e1_0.hire_date,
            e1_0.home_address,
            e1_0.last_name,
            e1_0.middle_name,
            e1_0.status,
            e1_0.updated_at,
            a1_0.end_date,
            a1_0.note,
            a1_0.position_id,
            p1_0.position_id,
            p1_0.name,
            p1_0.responsibilities,
            a1_0.start_date 
        from
            hr.assignments a1_0 
        join
            hr.employees e1_0 
                on e1_0.employee_id=a1_0.employee_id 
        join
            hr.departments d1_0 
                on d1_0.department_id=a1_0.department_id 
        join
            hr.positions p1_0 
                on p1_0.position_id=a1_0.position_id 
        where
            e1_0.employee_id=? 
            and a1_0.end_date is null
    Hibernate: 
        select
            p1_0.position_id,
            p1_0.name,
            p1_0.responsibilities 
        from
            hr.positions p1_0
    Hibernate: 
        select
            a1_0.assignment_id,
            a1_0.department_id,
            a1_0.employee_id,
            e1_0.employee_id,
            e1_0.created_at,
            e1_0.education,
            e1_0.first_name,
            e1_0.hire_date,
            e1_0.home_address,
            e1_0.last_name,
            e1_0.middle_name,
            e1_0.status,
            e1_0.updated_at,
            a1_0.end_date,
            a1_0.note,
            a1_0.position_id,
            a1_0.start_date 
        from
            hr.assignments a1_0 
        join
            hr.employees e1_0 
                on e1_0.employee_id=a1_0.employee_id 
        where
            a1_0.department_id=? 
            and a1_0.end_date is null
    Hibernate: 
        select
            dp1_0.dept_pos_id,
            dp1_0.department_id,
            dp1_0.position_id,
            dp1_0.slots_total 
        from
            hr.department_positions dp1_0 
        where
            dp1_0.department_id=? 
            and dp1_0.position_id=?
    Hibernate: 
        select
            d1_0.department_id,
            d1_0.manager_employee_id,
            d1_0.name,
            d1_0.parent_department_id 
        from
            hr.departments d1_0 
        where
            d1_0.department_id=?
    Hibernate: 
        select
            p1_0.position_id,
            p1_0.name,
            p1_0.responsibilities 
        from
            hr.positions p1_0 
        where
            p1_0.position_id=?
    Hibernate: 
        insert 
        into
            hr.department_positions
            (department_id, position_id, slots_total) 
        values
            (?, ?, ?)
    Hibernate: 
        select
            d1_0.department_id,
            m1_0.employee_id,
            m1_0.created_at,
            m1_0.education,
            m1_0.first_name,
            m1_0.hire_date,
            m1_0.home_address,
            m1_0.last_name,
            m1_0.middle_name,
            m1_0.status,
            m1_0.updated_at,
            d1_0.name,
            pd1_0.department_id,
            pd1_0.manager_employee_id,
            pd1_0.name,
            pd1_0.parent_department_id 
        from
            hr.departments d1_0 
        left join
            hr.departments pd1_0 
                on pd1_0.department_id=d1_0.parent_department_id 
        left join
            hr.employees m1_0 
                on m1_0.employee_id=d1_0.manager_employee_id 
        where
            d1_0.department_id=?
    Hibernate: 
        select
            d1_0.department_id,
            d1_0.manager_employee_id,
            d1_0.name,
            d1_0.parent_department_id 
        from
            hr.departments d1_0 
        where
            d1_0.parent_department_id=?
    Hibernate: 
        select
            dp1_0.dept_pos_id,
            dp1_0.department_id,
            d1_0.department_id,
            d1_0.manager_employee_id,
            d1_0.name,
            d1_0.parent_department_id,
            dp1_0.position_id,
            p1_0.position_id,
            p1_0.name,
            p1_0.responsibilities,
            dp1_0.slots_total 
        from
            hr.department_positions dp1_0 
        join
            hr.departments d1_0 
                on d1_0.department_id=dp1_0.department_id 
        join
            hr.positions p1_0 
                on p1_0.position_id=dp1_0.position_id 
        where
            d1_0.department_id=?
    Hibernate: 
        select
            a1_0.assignment_id,
            a1_0.department_id,
            a1_0.employee_id,
            e1_0.employee_id,
            e1_0.created_at,
            e1_0.education,
            e1_0.first_name,
            e1_0.hire_date,
            e1_0.home_address,
            e1_0.last_name,
            e1_0.middle_name,
            e1_0.status,
            e1_0.updated_at,
            a1_0.end_date,
            a1_0.note,
            a1_0.position_id,
            a1_0.start_date 
        from
            hr.assignments a1_0 
        join
            hr.employees e1_0 
                on e1_0.employee_id=a1_0.employee_id 
        where
            a1_0.position_id=? 
            and a1_0.end_date is null
    Hibernate: 
        select
            a1_0.assignment_id,
            a1_0.department_id,
            d1_0.department_id,
            d1_0.manager_employee_id,
            d1_0.name,
            d1_0.parent_department_id,
            a1_0.employee_id,
            e1_0.employee_id,
            e1_0.created_at,
            e1_0.education,
            e1_0.first_name,
            e1_0.hire_date,
            e1_0.home_address,
            e1_0.last_name,
            e1_0.middle_name,
            e1_0.status,
            e1_0.updated_at,
            a1_0.end_date,
            a1_0.note,
            a1_0.position_id,
            p1_0.position_id,
            p1_0.name,
            p1_0.responsibilities,
            a1_0.start_date 
        from
            hr.assignments a1_0 
        join
            hr.employees e1_0 
                on e1_0.employee_id=a1_0.employee_id 
        join
            hr.departments d1_0 
                on d1_0.department_id=a1_0.department_id 
        join
            hr.positions p1_0 
                on p1_0.position_id=a1_0.position_id 
        where
            e1_0.employee_id=? 
            and a1_0.end_date is null
    Hibernate: 
        select
            a1_0.assignment_id,
            a1_0.department_id,
            a1_0.employee_id,
            e1_0.employee_id,
            e1_0.created_at,
            e1_0.education,
            e1_0.first_name,
            e1_0.hire_date,
            e1_0.home_address,
            e1_0.last_name,
            e1_0.middle_name,
            e1_0.status,
            e1_0.updated_at,
            a1_0.end_date,
            a1_0.note,
            a1_0.position_id,
            a1_0.start_date 
        from
            hr.assignments a1_0 
        join
            hr.employees e1_0 
                on e1_0.employee_id=a1_0.employee_id 
        where
            a1_0.position_id=? 
            and a1_0.end_date is null
    Hibernate: 
        select
            a1_0.assignment_id,
            a1_0.department_id,
            d1_0.department_id,
            d1_0.manager_employee_id,
            d1_0.name,
            d1_0.parent_department_id,
            a1_0.employee_id,
            e1_0.employee_id,
            e1_0.created_at,
            e1_0.education,
            e1_0.first_name,
            e1_0.hire_date,
            e1_0.home_address,
            e1_0.last_name,
            e1_0.middle_name,
            e1_0.status,
            e1_0.updated_at,
            a1_0.end_date,
            a1_0.note,
            a1_0.position_id,
            p1_0.position_id,
            p1_0.name,
            p1_0.responsibilities,
            a1_0.start_date 
        from
            hr.assignments a1_0 
        join
            hr.employees e1_0 
                on e1_0.employee_id=a1_0.employee_id 
        join
            hr.departments d1_0 
                on d1_0.department_id=a1_0.department_id 
        join
            hr.positions p1_0 
                on p1_0.position_id=a1_0.position_id 
        where
            e1_0.employee_id=? 
            and a1_0.end_date is null
    Hibernate: 
        select
            a1_0.assignment_id,
            a1_0.department_id,
            a1_0.employee_id,
            e1_0.employee_id,
            e1_0.created_at,
            e1_0.education,
            e1_0.first_name,
            e1_0.hire_date,
            e1_0.home_address,
            e1_0.last_name,
            e1_0.middle_name,
            e1_0.status,
            e1_0.updated_at,
            a1_0.end_date,
            a1_0.note,
            a1_0.position_id,
            a1_0.start_date 
        from
            hr.assignments a1_0 
        join
            hr.employees e1_0 
                on e1_0.employee_id=a1_0.employee_id 
        where
            a1_0.position_id=? 
            and a1_0.end_date is null
    Hibernate: 
        select
            p1_0.position_id,
            p1_0.name,
            p1_0.responsibilities 
        from
            hr.positions p1_0
    Hibernate: 
        select
            a1_0.assignment_id,
            a1_0.department_id,
            a1_0.employee_id,
            e1_0.employee_id,
            e1_0.created_at,
            e1_0.education,
            e1_0.first_name,
            e1_0.hire_date,
            e1_0.home_address,
            e1_0.last_name,
            e1_0.middle_name,
            e1_0.status,
            e1_0.updated_at,
            a1_0.end_date,
            a1_0.note,
            a1_0.position_id,
            a1_0.start_date 
        from
            hr.assignments a1_0 
        join
            hr.employees e1_0 
                on e1_0.employee_id=a1_0.employee_id 
        where
            a1_0.department_id=? 
            and a1_0.end_date is null
    Hibernate: 
        select
            dp1_0.dept_pos_id,
            dp1_0.department_id,
            dp1_0.position_id,
            dp1_0.slots_total 
        from
            hr.department_positions dp1_0 
        where
            dp1_0.department_id=? 
            and dp1_0.position_id=?
    Hibernate: 
        select
            count(a1_0.assignment_id) 
        from
            hr.assignments a1_0 
        where
            a1_0.department_id=? 
            and a1_0.position_id=? 
            and a1_0.end_date is null
    Hibernate: 
        delete 
        from
            hr.department_positions 
        where
            dept_pos_id=?
    Hibernate: 
        select
            d1_0.department_id,
            m1_0.employee_id,
            m1_0.created_at,
            m1_0.education,
            m1_0.first_name,
            m1_0.hire_date,
            m1_0.home_address,
            m1_0.last_name,
            m1_0.middle_name,
            m1_0.status,
            m1_0.updated_at,
            d1_0.name,
            pd1_0.department_id,
            pd1_0.manager_employee_id,
            pd1_0.name,
            pd1_0.parent_department_id 
        from
            hr.departments d1_0 
        left join
            hr.departments pd1_0 
                on pd1_0.department_id=d1_0.parent_department_id 
        left join
            hr.employees m1_0 
                on m1_0.employee_id=d1_0.manager_employee_id 
        where
            d1_0.department_id=?
    Hibernate: 
        select
            d1_0.department_id,
            d1_0.manager_employee_id,
            d1_0.name,
            d1_0.parent_department_id 
        from
            hr.departments d1_0 
        where
            d1_0.parent_department_id=?
    Hibernate: 
        select
            dp1_0.dept_pos_id,
            dp1_0.department_id,
            d1_0.department_id,
            d1_0.manager_employee_id,
            d1_0.name,
            d1_0.parent_department_id,
            dp1_0.position_id,
            p1_0.position_id,
            p1_0.name,
            p1_0.responsibilities,
            dp1_0.slots_total 
        from
            hr.department_positions dp1_0 
        join
            hr.departments d1_0 
                on d1_0.department_id=dp1_0.department_id 
        join
            hr.positions p1_0 
                on p1_0.position_id=dp1_0.position_id 
        where
            d1_0.department_id=?
    Hibernate: 
        select
            a1_0.assignment_id,
            a1_0.department_id,
            a1_0.employee_id,
            e1_0.employee_id,
            e1_0.created_at,
            e1_0.education,
            e1_0.first_name,
            e1_0.hire_date,
            e1_0.home_address,
            e1_0.last_name,
            e1_0.middle_name,
            e1_0.status,
            e1_0.updated_at,
            a1_0.end_date,
            a1_0.note,
            a1_0.position_id,
            a1_0.start_date 
        from
            hr.assignments a1_0 
        join
            hr.employees e1_0 
                on e1_0.employee_id=a1_0.employee_id 
        where
            a1_0.position_id=? 
            and a1_0.end_date is null
    Hibernate: 
        select
            a1_0.assignment_id,
            a1_0.department_id,
            d1_0.department_id,
            d1_0.manager_employee_id,
            d1_0.name,
            d1_0.parent_department_id,
            a1_0.employee_id,
            e1_0.employee_id,
            e1_0.created_at,
            e1_0.education,
            e1_0.first_name,
            e1_0.hire_date,
            e1_0.home_address,
            e1_0.last_name,
            e1_0.middle_name,
            e1_0.status,
            e1_0.updated_at,
            a1_0.end_date,
            a1_0.note,
            a1_0.position_id,
            p1_0.position_id,
            p1_0.name,
            p1_0.responsibilities,
            a1_0.start_date 
        from
            hr.assignments a1_0 
        join
            hr.employees e1_0 
                on e1_0.employee_id=a1_0.employee_id 
        join
            hr.departments d1_0 
                on d1_0.department_id=a1_0.department_id 
        join
            hr.positions p1_0 
                on p1_0.position_id=a1_0.position_id 
        where
            e1_0.employee_id=? 
            and a1_0.end_date is null
    Hibernate: 
        select
            a1_0.assignment_id,
            a1_0.department_id,
            a1_0.employee_id,
            e1_0.employee_id,
            e1_0.created_at,
            e1_0.education,
            e1_0.first_name,
            e1_0.hire_date,
            e1_0.home_address,
            e1_0.last_name,
            e1_0.middle_name,
            e1_0.status,
            e1_0.updated_at,
            a1_0.end_date,
            a1_0.note,
            a1_0.position_id,
            a1_0.start_date 
        from
            hr.assignments a1_0 
        join
            hr.employees e1_0 
                on e1_0.employee_id=a1_0.employee_id 
        where
            a1_0.position_id=? 
            and a1_0.end_date is null
    Hibernate: 
        select
            a1_0.assignment_id,
            a1_0.department_id,
            d1_0.department_id,
            d1_0.manager_employee_id,
            d1_0.name,
            d1_0.parent_department_id,
            a1_0.employee_id,
            e1_0.employee_id,
            e1_0.created_at,
            e1_0.education,
            e1_0.first_name,
            e1_0.hire_date,
            e1_0.home_address,
            e1_0.last_name,
            e1_0.middle_name,
            e1_0.status,
            e1_0.updated_at,
            a1_0.end_date,
            a1_0.note,
            a1_0.position_id,
            p1_0.position_id,
            p1_0.name,
            p1_0.responsibilities,
            a1_0.start_date 
        from
            hr.assignments a1_0 
        join
            hr.employees e1_0 
                on e1_0.employee_id=a1_0.employee_id 
        join
            hr.departments d1_0 
                on d1_0.department_id=a1_0.department_id 
        join
            hr.positions p1_0 
                on p1_0.position_id=a1_0.position_id 
        where
            e1_0.employee_id=? 
            and a1_0.end_date is null
    Hibernate: 
        select
            p1_0.position_id,
            p1_0.name,
            p1_0.responsibilities 
        from
            hr.positions p1_0
    Hibernate: 
        select
            a1_0.assignment_id,
            a1_0.department_id,
            a1_0.employee_id,
            e1_0.employee_id,
            e1_0.created_at,
            e1_0.education,
            e1_0.first_name,
            e1_0.hire_date,
            e1_0.home_address,
            e1_0.last_name,
            e1_0.middle_name,
            e1_0.status,
            e1_0.updated_at,
            a1_0.end_date,
            a1_0.note,
            a1_0.position_id,
            a1_0.start_date 
        from
            hr.assignments a1_0 
        join
            hr.employees e1_0 
                on e1_0.employee_id=a1_0.employee_id 
        where
            a1_0.department_id=? 
            and a1_0.end_date is null
    Hibernate: 
        select
            dp1_0.dept_pos_id,
            dp1_0.department_id,
            dp1_0.position_id,
            dp1_0.slots_total 
        from
            hr.department_positions dp1_0 
        where
            dp1_0.department_id=? 
            and dp1_0.position_id=?
    Hibernate: 
        select
            d1_0.department_id,
            m1_0.employee_id,
            m1_0.created_at,
            m1_0.education,
            m1_0.first_name,
            m1_0.hire_date,
            m1_0.home_address,
            m1_0.last_name,
            m1_0.middle_name,
            m1_0.status,
            m1_0.updated_at,
            d1_0.name,
            pd1_0.department_id,
            pd1_0.manager_employee_id,
            pd1_0.name,
            pd1_0.parent_department_id 
        from
            hr.departments d1_0 
        left join
            hr.departments pd1_0 
                on pd1_0.department_id=d1_0.parent_department_id 
        left join
            hr.employees m1_0 
                on m1_0.employee_id=d1_0.manager_employee_id 
        where
            d1_0.department_id=?
    Hibernate: 
        select
            d1_0.department_id,
            d1_0.manager_employee_id,
            d1_0.name,
            d1_0.parent_department_id 
        from
            hr.departments d1_0 
        where
            d1_0.parent_department_id=?
    Hibernate: 
        select
            dp1_0.dept_pos_id,
            dp1_0.department_id,
            d1_0.department_id,
            d1_0.manager_employee_id,
            d1_0.name,
            d1_0.parent_department_id,
            dp1_0.position_id,
            p1_0.position_id,
            p1_0.name,
            p1_0.responsibilities,
            dp1_0.slots_total 
        from
            hr.department_positions dp1_0 
        join
            hr.departments d1_0 
                on d1_0.department_id=dp1_0.department_id 
        join
            hr.positions p1_0 
                on p1_0.position_id=dp1_0.position_id 
        where
            d1_0.department_id=?
    Hibernate: 
        select
            a1_0.assignment_id,
            a1_0.department_id,
            a1_0.employee_id,
            e1_0.employee_id,
            e1_0.created_at,
            e1_0.education,
            e1_0.first_name,
            e1_0.hire_date,
            e1_0.home_address,
            e1_0.last_name,
            e1_0.middle_name,
            e1_0.status,
            e1_0.updated_at,
            a1_0.end_date,
            a1_0.note,
            a1_0.position_id,
            a1_0.start_date 
        from
            hr.assignments a1_0 
        join
            hr.employees e1_0 
                on e1_0.employee_id=a1_0.employee_id 
        where
            a1_0.position_id=? 
            and a1_0.end_date is null
    Hibernate: 
        select
            a1_0.assignment_id,
            a1_0.department_id,
            d1_0.department_id,
            d1_0.manager_employee_id,
            d1_0.name,
            d1_0.parent_department_id,
            a1_0.employee_id,
            e1_0.employee_id,
            e1_0.created_at,
            e1_0.education,
            e1_0.first_name,
            e1_0.hire_date,
            e1_0.home_address,
            e1_0.last_name,
            e1_0.middle_name,
            e1_0.status,
            e1_0.updated_at,
            a1_0.end_date,
            a1_0.note,
            a1_0.position_id,
            p1_0.position_id,
            p1_0.name,
            p1_0.responsibilities,
            a1_0.start_date 
        from
            hr.assignments a1_0 
        join
            hr.employees e1_0 
                on e1_0.employee_id=a1_0.employee_id 
        join
            hr.departments d1_0 
                on d1_0.department_id=a1_0.department_id 
        join
            hr.positions p1_0 
                on p1_0.position_id=a1_0.position_id 
        where
            e1_0.employee_id=? 
            and a1_0.end_date is null
    Hibernate: 
        select
            a1_0.assignment_id,
            a1_0.department_id,
            a1_0.employee_id,
            e1_0.employee_id,
            e1_0.created_at,
            e1_0.education,
            e1_0.first_name,
            e1_0.hire_date,
            e1_0.home_address,
            e1_0.last_name,
            e1_0.middle_name,
            e1_0.status,
            e1_0.updated_at,
            a1_0.end_date,
            a1_0.note,
            a1_0.position_id,
            a1_0.start_date 
        from
            hr.assignments a1_0 
        join
            hr.employees e1_0 
                on e1_0.employee_id=a1_0.employee_id 
        where
            a1_0.position_id=? 
            and a1_0.end_date is null
    Hibernate: 
        select
            a1_0.assignment_id,
            a1_0.department_id,
            d1_0.department_id,
            d1_0.manager_employee_id,
            d1_0.name,
            d1_0.parent_department_id,
            a1_0.employee_id,
            e1_0.employee_id,
            e1_0.created_at,
            e1_0.education,
            e1_0.first_name,
            e1_0.hire_date,
            e1_0.home_address,
            e1_0.last_name,
            e1_0.middle_name,
            e1_0.status,
            e1_0.updated_at,
            a1_0.end_date,
            a1_0.note,
            a1_0.position_id,
            p1_0.position_id,
            p1_0.name,
            p1_0.responsibilities,
            a1_0.start_date 
        from
            hr.assignments a1_0 
        join
            hr.employees e1_0 
                on e1_0.employee_id=a1_0.employee_id 
        join
            hr.departments d1_0 
                on d1_0.department_id=a1_0.department_id 
        join
            hr.positions p1_0 
                on p1_0.position_id=a1_0.position_id 
        where
            e1_0.employee_id=? 
            and a1_0.end_date is null
    Hibernate: 
        select
            p1_0.position_id,
            p1_0.name,
            p1_0.responsibilities 
        from
            hr.positions p1_0
    Hibernate: 
        select
            a1_0.assignment_id,
            a1_0.department_id,
            a1_0.employee_id,
            e1_0.employee_id,
            e1_0.created_at,
            e1_0.education,
            e1_0.first_name,
            e1_0.hire_date,
            e1_0.home_address,
            e1_0.last_name,
            e1_0.middle_name,
            e1_0.status,
            e1_0.updated_at,
            a1_0.end_date,
            a1_0.note,
            a1_0.position_id,
            a1_0.start_date 
        from
            hr.assignments a1_0 
        join
            hr.employees e1_0 
                on e1_0.employee_id=a1_0.employee_id 
        where
            a1_0.department_id=? 
            and a1_0.end_date is null
    Hibernate: 
        select
            dp1_0.dept_pos_id,
            dp1_0.department_id,
            dp1_0.position_id,
            dp1_0.slots_total 
        from
            hr.department_positions dp1_0 
        where
            dp1_0.department_id=? 
            and dp1_0.position_id=?
    Hibernate: 
        select
            count(a1_0.assignment_id) 
        from
            hr.assignments a1_0 
        where
            a1_0.department_id=? 
            and a1_0.position_id=? 
            and a1_0.end_date is null
    Hibernate: 
        select
            d1_0.department_id,
            m1_0.employee_id,
            m1_0.created_at,
            m1_0.education,
            m1_0.first_name,
            m1_0.hire_date,
            m1_0.home_address,
            m1_0.last_name,
            m1_0.middle_name,
            m1_0.status,
            m1_0.updated_at,
            d1_0.name,
            pd1_0.department_id,
            pd1_0.manager_employee_id,
            pd1_0.name,
            pd1_0.parent_department_id 
        from
            hr.departments d1_0 
        left join
            hr.departments pd1_0 
                on pd1_0.department_id=d1_0.parent_department_id 
        left join
            hr.employees m1_0 
                on m1_0.employee_id=d1_0.manager_employee_id 
        where
            d1_0.department_id=?
    Hibernate: 
        select
            d1_0.department_id,
            d1_0.manager_employee_id,
            d1_0.name,
            d1_0.parent_department_id 
        from
            hr.departments d1_0 
        where
            d1_0.parent_department_id=?
    Hibernate: 
        select
            dp1_0.dept_pos_id,
            dp1_0.department_id,
            d1_0.department_id,
            d1_0.manager_employee_id,
            d1_0.name,
            d1_0.parent_department_id,
            dp1_0.position_id,
            p1_0.position_id,
            p1_0.name,
            p1_0.responsibilities,
            dp1_0.slots_total 
        from
            hr.department_positions dp1_0 
        join
            hr.departments d1_0 
                on d1_0.department_id=dp1_0.department_id 
        join
            hr.positions p1_0 
                on p1_0.position_id=dp1_0.position_id 
        where
            d1_0.department_id=?
    Hibernate: 
        select
            a1_0.assignment_id,
            a1_0.department_id,
            a1_0.employee_id,
            e1_0.employee_id,
            e1_0.created_at,
            e1_0.education,
            e1_0.first_name,
            e1_0.hire_date,
            e1_0.home_address,
            e1_0.last_name,
            e1_0.middle_name,
            e1_0.status,
            e1_0.updated_at,
            a1_0.end_date,
            a1_0.note,
            a1_0.position_id,
            a1_0.start_date 
        from
            hr.assignments a1_0 
        join
            hr.employees e1_0 
                on e1_0.employee_id=a1_0.employee_id 
        where
            a1_0.position_id=? 
            and a1_0.end_date is null
    Hibernate: 
        select
            a1_0.assignment_id,
            a1_0.department_id,
            d1_0.department_id,
            d1_0.manager_employee_id,
            d1_0.name,
            d1_0.parent_department_id,
            a1_0.employee_id,
            e1_0.employee_id,
            e1_0.created_at,
            e1_0.education,
            e1_0.first_name,
            e1_0.hire_date,
            e1_0.home_address,
            e1_0.last_name,
            e1_0.middle_name,
            e1_0.status,
            e1_0.updated_at,
            a1_0.end_date,
            a1_0.note,
            a1_0.position_id,
            p1_0.position_id,
            p1_0.name,
            p1_0.responsibilities,
            a1_0.start_date 
        from
            hr.assignments a1_0 
        join
            hr.employees e1_0 
                on e1_0.employee_id=a1_0.employee_id 
        join
            hr.departments d1_0 
                on d1_0.department_id=a1_0.department_id 
        join
            hr.positions p1_0 
                on p1_0.position_id=a1_0.position_id 
        where
            e1_0.employee_id=? 
            and a1_0.end_date is null
    Hibernate: 
        select
            a1_0.assignment_id,
            a1_0.department_id,
            a1_0.employee_id,
            e1_0.employee_id,
            e1_0.created_at,
            e1_0.education,
            e1_0.first_name,
            e1_0.hire_date,
            e1_0.home_address,
            e1_0.last_name,
            e1_0.middle_name,
            e1_0.status,
            e1_0.updated_at,
            a1_0.end_date,
            a1_0.note,
            a1_0.position_id,
            a1_0.start_date 
        from
            hr.assignments a1_0 
        join
            hr.employees e1_0 
                on e1_0.employee_id=a1_0.employee_id 
        where
            a1_0.position_id=? 
            and a1_0.end_date is null
    Hibernate: 
        select
            a1_0.assignment_id,
            a1_0.department_id,
            d1_0.department_id,
            d1_0.manager_employee_id,
            d1_0.name,
            d1_0.parent_department_id,
            a1_0.employee_id,
            e1_0.employee_id,
            e1_0.created_at,
            e1_0.education,
            e1_0.first_name,
            e1_0.hire_date,
            e1_0.home_address,
            e1_0.last_name,
            e1_0.middle_name,
            e1_0.status,
            e1_0.updated_at,
            a1_0.end_date,
            a1_0.note,
            a1_0.position_id,
            p1_0.position_id,
            p1_0.name,
            p1_0.responsibilities,
            a1_0.start_date 
        from
            hr.assignments a1_0 
        join
            hr.employees e1_0 
                on e1_0.employee_id=a1_0.employee_id 
        join
            hr.departments d1_0 
                on d1_0.department_id=a1_0.department_id 
        join
            hr.positions p1_0 
                on p1_0.position_id=a1_0.position_id 
        where
            e1_0.employee_id=? 
            and a1_0.end_date is null
    Hibernate: 
        select
            p1_0.position_id,
            p1_0.name,
            p1_0.responsibilities 
        from
            hr.positions p1_0
    Hibernate: 
        select
            a1_0.assignment_id,
            a1_0.department_id,
            a1_0.employee_id,
            e1_0.employee_id,
            e1_0.created_at,
            e1_0.education,
            e1_0.first_name,
            e1_0.hire_date,
            e1_0.home_address,
            e1_0.last_name,
            e1_0.middle_name,
            e1_0.status,
            e1_0.updated_at,
            a1_0.end_date,
            a1_0.note,
            a1_0.position_id,
            a1_0.start_date 
        from
            hr.assignments a1_0 
        join
            hr.employees e1_0 
                on e1_0.employee_id=a1_0.employee_id 
        where
            a1_0.department_id=? 
            and a1_0.end_date is null

PersonnelUseCasesWebSystemTest > departmentPositionUseCasesHaveSeparateSuccessAndErrorResults() PASSED

PersonnelUseCasesWebSystemTest > userGetsBusinessErrorsForDuplicateDepartmentPositionAndBusySlot() STANDARD_OUT
    Hibernate: 
        select
            d1_0.department_id,
            m1_0.employee_id,
            m1_0.created_at,
            m1_0.education,
            m1_0.first_name,
            m1_0.hire_date,
            m1_0.home_address,
            m1_0.last_name,
            m1_0.middle_name,
            m1_0.status,
            m1_0.updated_at,
            d1_0.name,
            pd1_0.department_id,
            pd1_0.manager_employee_id,
            pd1_0.name,
            pd1_0.parent_department_id 
        from
            hr.departments d1_0 
        left join
            hr.departments pd1_0 
                on pd1_0.department_id=d1_0.parent_department_id 
        left join
            hr.employees m1_0 
                on m1_0.employee_id=d1_0.manager_employee_id 
        where
            d1_0.department_id=?
    Hibernate: 
        select
            d1_0.department_id,
            d1_0.manager_employee_id,
            d1_0.name,
            d1_0.parent_department_id 
        from
            hr.departments d1_0 
        where
            d1_0.parent_department_id=?
    Hibernate: 
        select
            dp1_0.dept_pos_id,
            dp1_0.department_id,
            d1_0.department_id,
            d1_0.manager_employee_id,
            d1_0.name,
            d1_0.parent_department_id,
            dp1_0.position_id,
            p1_0.position_id,
            p1_0.name,
            p1_0.responsibilities,
            dp1_0.slots_total 
        from
            hr.department_positions dp1_0 
        join
            hr.departments d1_0 
                on d1_0.department_id=dp1_0.department_id 
        join
            hr.positions p1_0 
                on p1_0.position_id=dp1_0.position_id 
        where
            d1_0.department_id=?
    Hibernate: 
        select
            a1_0.assignment_id,
            a1_0.department_id,
            a1_0.employee_id,
            e1_0.employee_id,
            e1_0.created_at,
            e1_0.education,
            e1_0.first_name,
            e1_0.hire_date,
            e1_0.home_address,
            e1_0.last_name,
            e1_0.middle_name,
            e1_0.status,
            e1_0.updated_at,
            a1_0.end_date,
            a1_0.note,
            a1_0.position_id,
            a1_0.start_date 
        from
            hr.assignments a1_0 
        join
            hr.employees e1_0 
                on e1_0.employee_id=a1_0.employee_id 
        where
            a1_0.position_id=? 
            and a1_0.end_date is null
    Hibernate: 
        select
            a1_0.assignment_id,
            a1_0.department_id,
            d1_0.department_id,
            d1_0.manager_employee_id,
            d1_0.name,
            d1_0.parent_department_id,
            a1_0.employee_id,
            e1_0.employee_id,
            e1_0.created_at,
            e1_0.education,
            e1_0.first_name,
            e1_0.hire_date,
            e1_0.home_address,
            e1_0.last_name,
            e1_0.middle_name,
            e1_0.status,
            e1_0.updated_at,
            a1_0.end_date,
            a1_0.note,
            a1_0.position_id,
            p1_0.position_id,
            p1_0.name,
            p1_0.responsibilities,
            a1_0.start_date 
        from
            hr.assignments a1_0 
        join
            hr.employees e1_0 
                on e1_0.employee_id=a1_0.employee_id 
        join
            hr.departments d1_0 
                on d1_0.department_id=a1_0.department_id 
        join
            hr.positions p1_0 
                on p1_0.position_id=a1_0.position_id 
        where
            e1_0.employee_id=? 
            and a1_0.end_date is null
    Hibernate: 
        select
            a1_0.assignment_id,
            a1_0.department_id,
            a1_0.employee_id,
            e1_0.employee_id,
            e1_0.created_at,
            e1_0.education,
            e1_0.first_name,
            e1_0.hire_date,
            e1_0.home_address,
            e1_0.last_name,
            e1_0.middle_name,
            e1_0.status,
            e1_0.updated_at,
            a1_0.end_date,
            a1_0.note,
            a1_0.position_id,
            a1_0.start_date 
        from
            hr.assignments a1_0 
        join
            hr.employees e1_0 
                on e1_0.employee_id=a1_0.employee_id 
        where
            a1_0.position_id=? 
            and a1_0.end_date is null
    Hibernate: 
        select
            a1_0.assignment_id,
            a1_0.department_id,
            d1_0.department_id,
            d1_0.manager_employee_id,
            d1_0.name,
            d1_0.parent_department_id,
            a1_0.employee_id,
            e1_0.employee_id,
            e1_0.created_at,
            e1_0.education,
            e1_0.first_name,
            e1_0.hire_date,
            e1_0.home_address,
            e1_0.last_name,
            e1_0.middle_name,
            e1_0.status,
            e1_0.updated_at,
            a1_0.end_date,
            a1_0.note,
            a1_0.position_id,
            p1_0.position_id,
            p1_0.name,
            p1_0.responsibilities,
            a1_0.start_date 
        from
            hr.assignments a1_0 
        join
            hr.employees e1_0 
                on e1_0.employee_id=a1_0.employee_id 
        join
            hr.departments d1_0 
                on d1_0.department_id=a1_0.department_id 
        join
            hr.positions p1_0 
                on p1_0.position_id=a1_0.position_id 
        where
            e1_0.employee_id=? 
            and a1_0.end_date is null
    Hibernate: 
        select
            p1_0.position_id,
            p1_0.name,
            p1_0.responsibilities 
        from
            hr.positions p1_0
    Hibernate: 
        select
            a1_0.assignment_id,
            a1_0.department_id,
            a1_0.employee_id,
            e1_0.employee_id,
            e1_0.created_at,
            e1_0.education,
            e1_0.first_name,
            e1_0.hire_date,
            e1_0.home_address,
            e1_0.last_name,
            e1_0.middle_name,
            e1_0.status,
            e1_0.updated_at,
            a1_0.end_date,
            a1_0.note,
            a1_0.position_id,
            a1_0.start_date 
        from
            hr.assignments a1_0 
        join
            hr.employees e1_0 
                on e1_0.employee_id=a1_0.employee_id 
        where
            a1_0.department_id=? 
            and a1_0.end_date is null
    Hibernate: 
        select
            dp1_0.dept_pos_id,
            dp1_0.department_id,
            dp1_0.position_id,
            dp1_0.slots_total 
        from
            hr.department_positions dp1_0 
        where
            dp1_0.department_id=? 
            and dp1_0.position_id=?
    Hibernate: 
        select
            d1_0.department_id,
            m1_0.employee_id,
            m1_0.created_at,
            m1_0.education,
            m1_0.first_name,
            m1_0.hire_date,
            m1_0.home_address,
            m1_0.last_name,
            m1_0.middle_name,
            m1_0.status,
            m1_0.updated_at,
            d1_0.name,
            pd1_0.department_id,
            pd1_0.manager_employee_id,
            pd1_0.name,
            pd1_0.parent_department_id 
        from
            hr.departments d1_0 
        left join
            hr.departments pd1_0 
                on pd1_0.department_id=d1_0.parent_department_id 
        left join
            hr.employees m1_0 
                on m1_0.employee_id=d1_0.manager_employee_id 
        where
            d1_0.department_id=?
    Hibernate: 
        select
            d1_0.department_id,
            d1_0.manager_employee_id,
            d1_0.name,
            d1_0.parent_department_id 
        from
            hr.departments d1_0 
        where
            d1_0.parent_department_id=?
    Hibernate: 
        select
            dp1_0.dept_pos_id,
            dp1_0.department_id,
            d1_0.department_id,
            d1_0.manager_employee_id,
            d1_0.name,
            d1_0.parent_department_id,
            dp1_0.position_id,
            p1_0.position_id,
            p1_0.name,
            p1_0.responsibilities,
            dp1_0.slots_total 
        from
            hr.department_positions dp1_0 
        join
            hr.departments d1_0 
                on d1_0.department_id=dp1_0.department_id 
        join
            hr.positions p1_0 
                on p1_0.position_id=dp1_0.position_id 
        where
            d1_0.department_id=?
    Hibernate: 
        select
            a1_0.assignment_id,
            a1_0.department_id,
            a1_0.employee_id,
            e1_0.employee_id,
            e1_0.created_at,
            e1_0.education,
            e1_0.first_name,
            e1_0.hire_date,
            e1_0.home_address,
            e1_0.last_name,
            e1_0.middle_name,
            e1_0.status,
            e1_0.updated_at,
            a1_0.end_date,
            a1_0.note,
            a1_0.position_id,
            a1_0.start_date 
        from
            hr.assignments a1_0 
        join
            hr.employees e1_0 
                on e1_0.employee_id=a1_0.employee_id 
        where
            a1_0.position_id=? 
            and a1_0.end_date is null
    Hibernate: 
        select
            a1_0.assignment_id,
            a1_0.department_id,
            d1_0.department_id,
            d1_0.manager_employee_id,
            d1_0.name,
            d1_0.parent_department_id,
            a1_0.employee_id,
            e1_0.employee_id,
            e1_0.created_at,
            e1_0.education,
            e1_0.first_name,
            e1_0.hire_date,
            e1_0.home_address,
            e1_0.last_name,
            e1_0.middle_name,
            e1_0.status,
            e1_0.updated_at,
            a1_0.end_date,
            a1_0.note,
            a1_0.position_id,
            p1_0.position_id,
            p1_0.name,
            p1_0.responsibilities,
            a1_0.start_date 
        from
            hr.assignments a1_0 
        join
            hr.employees e1_0 
                on e1_0.employee_id=a1_0.employee_id 
        join
            hr.departments d1_0 
                on d1_0.department_id=a1_0.department_id 
        join
            hr.positions p1_0 
                on p1_0.position_id=a1_0.position_id 
        where
            e1_0.employee_id=? 
            and a1_0.end_date is null
    Hibernate: 
        select
            a1_0.assignment_id,
            a1_0.department_id,
            a1_0.employee_id,
            e1_0.employee_id,
            e1_0.created_at,
            e1_0.education,
            e1_0.first_name,
            e1_0.hire_date,
            e1_0.home_address,
            e1_0.last_name,
            e1_0.middle_name,
            e1_0.status,
            e1_0.updated_at,
            a1_0.end_date,
            a1_0.note,
            a1_0.position_id,
            a1_0.start_date 
        from
            hr.assignments a1_0 
        join
            hr.employees e1_0 
                on e1_0.employee_id=a1_0.employee_id 
        where
            a1_0.position_id=? 
            and a1_0.end_date is null
    Hibernate: 
        select
            a1_0.assignment_id,
            a1_0.department_id,
            d1_0.department_id,
            d1_0.manager_employee_id,
            d1_0.name,
            d1_0.parent_department_id,
            a1_0.employee_id,
            e1_0.employee_id,
            e1_0.created_at,
            e1_0.education,
            e1_0.first_name,
            e1_0.hire_date,
            e1_0.home_address,
            e1_0.last_name,
            e1_0.middle_name,
            e1_0.status,
            e1_0.updated_at,
            a1_0.end_date,
            a1_0.note,
            a1_0.position_id,
            p1_0.position_id,
            p1_0.name,
            p1_0.responsibilities,
            a1_0.start_date 
        from
            hr.assignments a1_0 
        join
            hr.employees e1_0 
                on e1_0.employee_id=a1_0.employee_id 
        join
            hr.departments d1_0 
                on d1_0.department_id=a1_0.department_id 
        join
            hr.positions p1_0 
                on p1_0.position_id=a1_0.position_id 
        where
            e1_0.employee_id=? 
            and a1_0.end_date is null
    Hibernate: 
        select
            p1_0.position_id,
            p1_0.name,
            p1_0.responsibilities 
        from
            hr.positions p1_0
    Hibernate: 
        select
            a1_0.assignment_id,
            a1_0.department_id,
            a1_0.employee_id,
            e1_0.employee_id,
            e1_0.created_at,
            e1_0.education,
            e1_0.first_name,
            e1_0.hire_date,
            e1_0.home_address,
            e1_0.last_name,
            e1_0.middle_name,
            e1_0.status,
            e1_0.updated_at,
            a1_0.end_date,
            a1_0.note,
            a1_0.position_id,
            a1_0.start_date 
        from
            hr.assignments a1_0 
        join
            hr.employees e1_0 
                on e1_0.employee_id=a1_0.employee_id 
        where
            a1_0.department_id=? 
            and a1_0.end_date is null
    Hibernate: 
        select
            e1_0.employee_id,
            e1_0.created_at,
            e1_0.education,
            e1_0.first_name,
            e1_0.hire_date,
            e1_0.home_address,
            e1_0.last_name,
            e1_0.middle_name,
            e1_0.status,
            e1_0.updated_at 
        from
            hr.employees e1_0 
        where
            e1_0.employee_id=?
    Hibernate: 
        select
            d1_0.department_id,
            m1_0.employee_id,
            m1_0.created_at,
            m1_0.education,
            m1_0.first_name,
            m1_0.hire_date,
            m1_0.home_address,
            m1_0.last_name,
            m1_0.middle_name,
            m1_0.status,
            m1_0.updated_at,
            d1_0.name,
            pd1_0.department_id,
            pd1_0.manager_employee_id,
            pd1_0.name,
            pd1_0.parent_department_id 
        from
            hr.departments d1_0 
        left join
            hr.departments pd1_0 
                on pd1_0.department_id=d1_0.parent_department_id 
        left join
            hr.employees m1_0 
                on m1_0.employee_id=d1_0.manager_employee_id 
        order by
            d1_0.department_id
    Hibernate: 
        select
            p1_0.position_id,
            p1_0.name,
            p1_0.responsibilities 
        from
            hr.positions p1_0
    Hibernate: 
        select
            a1_0.assignment_id,
            a1_0.department_id,
            d1_0.department_id,
            d1_0.manager_employee_id,
            d1_0.name,
            d1_0.parent_department_id,
            a1_0.employee_id,
            e1_0.employee_id,
            e1_0.created_at,
            e1_0.education,
            e1_0.first_name,
            e1_0.hire_date,
            e1_0.home_address,
            e1_0.last_name,
            e1_0.middle_name,
            e1_0.status,
            e1_0.updated_at,
            a1_0.end_date,
            a1_0.note,
            a1_0.position_id,
            p1_0.position_id,
            p1_0.name,
            p1_0.responsibilities,
            a1_0.start_date 
        from
            hr.assignments a1_0 
        join
            hr.employees e1_0 
                on e1_0.employee_id=a1_0.employee_id 
        join
            hr.departments d1_0 
                on d1_0.department_id=a1_0.department_id 
        join
            hr.positions p1_0 
                on p1_0.position_id=a1_0.position_id 
        where
            e1_0.employee_id=? 
            and a1_0.end_date is null
    Hibernate: 
        select
            e1_0.employee_id,
            e1_0.created_at,
            e1_0.education,
            e1_0.first_name,
            e1_0.hire_date,
            e1_0.home_address,
            e1_0.last_name,
            e1_0.middle_name,
            e1_0.status,
            e1_0.updated_at 
        from
            hr.employees e1_0 
        where
            e1_0.employee_id=?
    Hibernate: 
        select
            a1_0.assignment_id,
            a1_0.department_id,
            a1_0.employee_id,
            a1_0.end_date,
            a1_0.note,
            a1_0.position_id,
            a1_0.start_date 
        from
            hr.assignments a1_0 
        where
            a1_0.employee_id=? 
            and a1_0.end_date is null
    Hibernate: 
        select
            e1_0.employee_id,
            e1_0.created_at,
            e1_0.education,
            e1_0.first_name,
            e1_0.hire_date,
            e1_0.home_address,
            e1_0.last_name,
            e1_0.middle_name,
            e1_0.status,
            e1_0.updated_at 
        from
            hr.employees e1_0 
        where
            e1_0.employee_id=?
    Hibernate: 
        select
            d1_0.department_id,
            d1_0.manager_employee_id,
            d1_0.name,
            d1_0.parent_department_id 
        from
            hr.departments d1_0 
        where
            d1_0.department_id=?
    Hibernate: 
        select
            p1_0.position_id,
            p1_0.name,
            p1_0.responsibilities 
        from
            hr.positions p1_0 
        where
            p1_0.position_id=?
    Hibernate: 
        select
            dp1_0.dept_pos_id,
            dp1_0.department_id,
            dp1_0.position_id,
            dp1_0.slots_total 
        from
            hr.department_positions dp1_0 
        where
            dp1_0.department_id=? 
            and dp1_0.position_id=?
    Hibernate: 
        select
            a1_0.assignment_id,
            a1_0.department_id,
            a1_0.employee_id,
            a1_0.end_date,
            a1_0.note,
            a1_0.position_id,
            a1_0.start_date 
        from
            hr.assignments a1_0 
        where
            a1_0.employee_id=? 
            and a1_0.end_date is null
    Hibernate: 
        select
            dp1_0.dept_pos_id,
            dp1_0.department_id,
            dp1_0.position_id,
            dp1_0.slots_total 
        from
            hr.department_positions dp1_0 
        where
            dp1_0.department_id=? 
            and dp1_0.position_id=?
    Hibernate: 
        select
            count(a1_0.assignment_id) 
        from
            hr.assignments a1_0 
        where
            a1_0.department_id=? 
            and a1_0.position_id=? 
            and a1_0.end_date is null
    Hibernate: 
        select
            d1_0.department_id,
            m1_0.employee_id,
            m1_0.created_at,
            m1_0.education,
            m1_0.first_name,
            m1_0.hire_date,
            m1_0.home_address,
            m1_0.last_name,
            m1_0.middle_name,
            m1_0.status,
            m1_0.updated_at,
            d1_0.name,
            pd1_0.department_id,
            pd1_0.manager_employee_id,
            pd1_0.name,
            pd1_0.parent_department_id 
        from
            hr.departments d1_0 
        left join
            hr.departments pd1_0 
                on pd1_0.department_id=d1_0.parent_department_id 
        left join
            hr.employees m1_0 
                on m1_0.employee_id=d1_0.manager_employee_id 
        order by
            d1_0.department_id
    Hibernate: 
        select
            p1_0.position_id,
            p1_0.name,
            p1_0.responsibilities 
        from
            hr.positions p1_0
    Hibernate: 
        select
            a1_0.assignment_id,
            a1_0.department_id,
            d1_0.department_id,
            d1_0.manager_employee_id,
            d1_0.name,
            d1_0.parent_department_id,
            a1_0.employee_id,
            e1_0.employee_id,
            e1_0.created_at,
            e1_0.education,
            e1_0.first_name,
            e1_0.hire_date,
            e1_0.home_address,
            e1_0.last_name,
            e1_0.middle_name,
            e1_0.status,
            e1_0.updated_at,
            a1_0.end_date,
            a1_0.note,
            a1_0.position_id,
            p1_0.position_id,
            p1_0.name,
            p1_0.responsibilities,
            a1_0.start_date 
        from
            hr.assignments a1_0 
        join
            hr.employees e1_0 
                on e1_0.employee_id=a1_0.employee_id 
        join
            hr.departments d1_0 
                on d1_0.department_id=a1_0.department_id 
        join
            hr.positions p1_0 
                on p1_0.position_id=a1_0.position_id 
        where
            e1_0.employee_id=? 
            and a1_0.end_date is null

PersonnelUseCasesWebSystemTest > userGetsBusinessErrorsForDuplicateDepartmentPositionAndBusySlot() PASSED

2026-05-02T19:37:02.713Z  INFO 12909 --- [webprak] [ionShutdownHook] o.s.boot.tomcat.GracefulShutdown         : Commencing graceful shutdown. Waiting for active requests to complete
2026-05-02T19:37:02.715Z  INFO 12909 --- [webprak] [tomcat-shutdown] o.s.boot.tomcat.GracefulShutdown         : Graceful shutdown complete
2026-05-02T19:37:02.978Z  INFO 12909 --- [webprak] [ionShutdownHook] j.LocalContainerEntityManagerFactoryBean : Closing JPA EntityManagerFactory for persistence unit 'default'
2026-05-02T19:37:02.983Z  INFO 12909 --- [webprak] [ionShutdownHook] com.zaxxer.hikari.HikariDataSource       : HikariPool-1 - Shutdown initiated...
2026-05-02T19:37:02.987Z  INFO 12909 --- [webprak] [ionShutdownHook] com.zaxxer.hikari.HikariDataSource       : HikariPool-1 - Shutdown completed.

[Incubating] Problems report is available at: file:///workspace/build/reports/problems/problems-report.html

Deprecated Gradle features were used in this build, making it incompatible with Gradle 10.

You can use '--warning-mode all' to show the individual deprecation warnings and determine if they come from your own scripts or plugins.

For more on this, please refer to https://docs.gradle.org/9.3.1/userguide/command_line_interface.html#sec:command_line_warnings in the Gradle documentation.

BUILD SUCCESSFUL in 26s
6 actionable tasks: 6 executed
Consider enabling configuration cache to speed up this build: https://docs.gradle.org/9.3.1/userguide/configuration_cache_enabling.html
